time,BMP,CTG,GAS,SSI,VND
21/05/2012,7270,10500,16660,4490,1320
22/05/2012,7400,10210,17470,4510,1320
23/05/2012,7320,9930,16610,4320,1230
24/05/2012,6960,9640,15800,4180,1250
25/05/2012,7070,10120,15840,4380,1300
28/05/2012,6730,9970,15270,4510,1260
29/05/2012,6870,9780,14910,4510,1270
30/05/2012,6860,9880,15360,4530,1280
31/05/2012,6630,9730,15110,4400,1220
01/06/2012,6630,9780,15110,4360,1230
04/06/2012,6500,9490,14460,4180,1160
06/06/2012,6890,9730,14540,4380,1240
07/06/2012,6910,9780,15230,4550,1300
08/06/2012,6910,9780,15230,4450,1260
11/06/2012,6840,10260,14950,4490,1280
12/06/2012,6840,10310,14750,4450,1230
13/06/2012,6820,10400,14790,4420,1240
14/06/2012,6960,10260,14790,4360,1240
15/06/2012,7070,10160,15070,4510,1260
18/06/2012,7090,10120,15400,4570,1280
19/06/2012,7050,9930,15400,4470,1240
20/06/2012,6920,9930,15600,4490,1250
21/06/2012,6990,10020,15640,4450,1250
22/06/2012,7090,9970,15680,4450,1200
25/06/2012,6960,9780,15400,4360,1150
26/06/2012,6940,9640,15400,4220,1110
27/06/2012,7040,9590,15440,4200,1060
28/06/2012,6990,9590,15640,4180,1110
29/06/2012,6780,9590,15600,4240,1070
02/07/2012,6710,9540,15640,4100,1020
03/07/2012,6920,9490,15680,3940,1010
05/07/2012,6910,9490,15560,4040,1050
06/07/2012,6890,9540,15560,4059,1050
09/07/2012,6890,9540,15440,3920,980
11/07/2012,6860,9590,15360,3920,980
12/07/2012,6890,9690,15400,3960,1030
13/07/2012,6910,9830,15480,4120,1100
16/07/2012,6910,10120,15560,4040,1060
17/07/2012,7150,10120,15560,4220,1130
18/07/2012,7070,10260,15600,4260,1130
19/07/2012,7400,10350,16290,4470,1200
20/07/2012,7630,9930,16090,4400,1190
23/07/2012,7650,9930,16000,4320,1180
24/07/2012,7460,9780,15680,4180,1110
25/07/2012,7350,9780,15680,4160,1110
26/07/2012,7350,9830,15800,4240,1150
27/07/2012,7240,9830,15760,4180,1140
30/07/2012,7270,9830,15920,4180,1150
31/07/2012,7280,9930,15800,4200,1140
02/08/2012,7350,9930,15960,4120,1130
03/08/2012,7710,9880,15960,4120,1150
06/08/2012,7990,9880,16000,4280,1220
08/08/2012,7810,9930,15880,4240,1200
10/08/2012,7810,10120,15880,4260,1200
13/08/2012,7730,10120,15880,4240,1180
14/08/2012,7880,10070,15920,4300,1180
15/08/2012,7880,10120,16000,4260,1190
16/08/2012,8160,10160,16290,4240,1180
17/08/2012,8170,10260,16900,4280,1190
20/08/2012,8060,10350,17020,4340,1220
21/08/2012,7660,9880,16210,4140,1130
22/08/2012,7650,9880,16450,3940,1080
23/08/2012,7270,9400,15640,3750,1000
24/08/2012,7600,9780,16050,3880,1070
27/08/2012,7220,9300,15270,3690,990
28/08/2012,7200,9070,15560,3690,1010
29/08/2012,7450,9110,16329,3880,1080
30/08/2012,7300,9210,16660,3880,1080
31/08/2012,7320,9110,16990,3830,1050
04/09/2012,7520,9260,17110,3880,1060
05/09/2012,7730,9300,16900,3770,1020
07/09/2012,7740,9300,17030,3710,1020
10/09/2012,7400,8880,16610,3530,970
11/09/2012,7320,8970,16740,3450,970
13/09/2012,7260,8970,17200,3530,1020
14/09/2012,7420,9400,17400,3630,1030
17/09/2012,7120,9450,17200,3590,1010
18/09/2012,6770,9110,16740,3430,960
19/09/2012,6520,8880,16950,3470,980
20/09/2012,6540,8540,16660,3360,980
21/09/2012,6590,8730,16660,3430,980
24/09/2012,6560,8540,16160,3340,950
25/09/2012,6610,8540,16570,3360,960
26/09/2012,6590,8640,16660,3410,970
27/09/2012,6590,8490,16320,3340,940
28/09/2012,6610,8400,16700,3320,930
01/10/2012,6590,8160,16110,3200,880
02/10/2012,6770,8020,16110,3140,880
04/10/2012,6740,8020,16160,3220,900
05/10/2012,6720,8020,16490,3220,910
08/10/2012,6820,8160,16530,3360,970
09/10/2012,6810,8109,16530,3380,980
10/10/2012,6770,8109,16530,3430,990
12/10/2012,6740,8109,16400,3430,970
15/10/2012,6770,8060,16110,3360,950
16/10/2012,6930,8350,16239,3490,1010
17/10/2012,6910,8060,16200,3410,990
18/10/2012,6700,8210,16200,3410,990
19/10/2012,6750,8020,16570,3300,940
22/10/2012,6820,8260,16400,3260,920
23/10/2012,6910,8260,16660,3260,930
24/10/2012,7050,8260,16570,3260,910
25/10/2012,6930,8210,16360,3200,900
26/10/2012,6950,8160,16360,3260,900
29/10/2012,6930,8160,16450,3220,890
30/10/2012,6890,8109,16490,3220,900
31/10/2012,6880,8160,16450,3220,900
01/11/2012,6910,8160,16450,3220,890
05/11/2012,6750,8160,16200,3080,820
06/11/2012,6820,8060,16239,3060,820
07/11/2012,6840,8450,16239,3120,840
09/11/2012,6860,9070,16239,3140,860
12/11/2012,6860,9070,16239,3260,890
13/11/2012,6910,8730,16239,3220,870
14/11/2012,7210,9070,16239,3220,870
15/11/2012,7260,9160,16200,3200,840
16/11/2012,7210,9020,16239,3220,860
19/11/2012,7020,8830,16160,3200,840
20/11/2012,6950,8880,16200,3240,860
21/11/2012,7050,9020,16160,3240,840
22/11/2012,7230,9020,16239,3240,860
23/11/2012,7230,8970,16239,3200,840
26/11/2012,7190,8730,16160,3110,840
27/11/2012,7120,8730,16160,3090,820
28/11/2012,7140,8730,16200,3070,820
29/11/2012,7230,8780,16160,3110,840
30/11/2012,7230,8780,16160,3090,840
03/12/2012,7140,9160,16200,3090,840
04/12/2012,7160,9020,16620,3130,870
06/12/2012,7210,9110,16500,3160,890
07/12/2012,7210,9260,16450,3110,890
10/12/2012,7210,9300,16500,3200,940
11/12/2012,7210,9450,16620,3160,940
12/12/2012,7560,9490,16620,3290,960
13/12/2012,7740,9690,16500,3240,950
14/12/2012,7420,9730,16500,3260,950
17/12/2012,7560,9260,16580,3290,950
18/12/2012,7490,8830,16620,3260,940
19/12/2012,7550,8450,16580,3370,970
20/12/2012,7480,8830,16450,3350,940
21/12/2012,7350,9260,16320,3330,930
24/12/2012,7550,9020,16580,3440,970
25/12/2012,7550,9350,16580,3420,960
26/12/2012,7490,9690,16620,3500,990
27/12/2012,7600,9690,16620,3500,970
28/12/2012,7850,9880,16500,3550,1000
02/01/2013,7760,10070,16670,3660,1030
03/01/2013,7920,9970,16670,3570,1000
04/01/2013,7930,10020,17050,3610,1050
07/01/2013,8010,10070,17050,3610,1010
08/01/2013,8390,10160,17440,3760,1030
10/01/2013,8660,10880,17440,3900,1050
11/01/2013,8530,10640,18290,3940,1030
14/01/2013,8460,10540,18890,3900,1050
15/01/2013,8410,10690,18500,4000,1120
16/01/2013,8380,10740,18680,4050,1090
17/01/2013,8290,10590,17950,3940,1070
18/01/2013,8460,10450,17780,3850,1070
21/01/2013,8590,10210,17390,3870,1030
22/01/2013,8620,10020,17390,3740,1010
23/01/2013,8640,9970,17390,3760,1020
24/01/2013,8800,10120,17910,3870,1060
25/01/2013,9260,10780,19150,4000,1050
28/01/2013,9520,10930,19440,4110,1080
29/01/2013,9080,11210,19440,4140,1090
30/01/2013,9430,11160,19660,4140,1090
31/01/2013,9170,10980,19100,4050,1060
01/02/2013,8990,11160,19230,4030,1060
04/02/2013,9170,10980,19660,4050,1030
05/02/2013,9350,10880,19440,4050,1020
07/02/2013,9520,11160,19740,4220,1110
08/02/2013,9700,11310,19960,4220,1140
18/02/2013,9870,11210,19960,4260,1180
19/02/2013,9790,11070,19660,4200,1150
20/02/2013,9700,11070,19830,4200,1180
21/02/2013,9350,10830,19660,3920,1070
22/02/2013,9520,10690,19700,3980,1090
25/02/2013,9610,10500,19790,3980,1080
26/02/2013,9080,9780,19230,3760,980
27/02/2013,9350,10070,19700,3870,1020
28/02/2013,9520,9540,19660,3940,1010
01/03/2013,9520,9690,19790,3940,1020
04/03/2013,9080,9160,19530,3760,960
05/03/2013,8990,8880,19320,3740,950
06/03/2013,8990,8970,19620,3810,970
07/03/2013,9170,9020,19490,3790,940
12/03/2013,9350,9350,19570,3920,1010
13/03/2013,9700,9300,19570,3870,980
14/03/2013,10320,9070,19570,3870,990
15/03/2013,10930,9070,19530,3920,1010
18/03/2013,10840,9490,20090,3870,980
19/03/2013,10840,9260,20940,3900,980
20/03/2013,10760,9260,22010,3900,990
21/03/2013,11110,9160,21370,3940,980
22/03/2013,10930,9070,21580,3870,980
25/03/2013,10930,9070,21370,3900,980
26/03/2013,11640,9110,21320,3870,970
27/03/2013,11550,9070,22220,3810,950
28/03/2013,11550,8970,22650,3790,940
29/03/2013,11460,8970,22860,3810,940
01/04/2013,12250,9110,24360,3920,980
02/04/2013,11900,9540,23930,3920,970
03/04/2013,11990,9450,23500,3900,980
04/04/2013,11550,9540,22440,3850,960
09/04/2013,11900,9400,24150,4140,970
10/04/2013,11990,9260,23500,4030,960
11/04/2013,11990,9210,24570,3980,960
12/04/2013,12170,9160,23720,3870,940
15/04/2013,11810,8880,23720,3790,920
16/04/2013,11640,8880,23500,3790,930
17/04/2013,11460,8920,23720,3810,930
18/04/2013,11810,8780,23080,3740,910
22/04/2013,11640,8640,22650,3680,910
23/04/2013,11640,8730,23080,3720,920
24/04/2013,11810,8680,23290,3740,920
25/04/2013,11810,8730,23080,3740,920
26/04/2013,11640,8780,22650,3720,910
02/05/2013,11460,8730,22650,3700,910
03/05/2013,11460,8920,22650,3720,910
06/05/2013,11550,9070,23720,3900,960
07/05/2013,11640,8970,23080,3810,940
08/05/2013,11720,8780,23290,3760,930
09/05/2013,11720,8830,23290,3810,930
13/05/2013,11550,8830,23290,3810,940
14/05/2013,11370,8880,23500,3760,920
15/05/2013,11460,8920,23720,3790,920
16/05/2013,11460,8920,23940,3790,930
17/05/2013,11280,8970,23720,3760,930
20/05/2013,11370,8970,23940,3790,940
21/05/2013,11810,9020,24810,3900,960
22/05/2013,11900,8970,24810,3900,960
23/05/2013,11990,8830,25250,3850,940
24/05/2013,12340,8880,25460,3900,950
27/05/2013,12610,8880,26550,4000,990
28/05/2013,12700,8880,26990,4090,1000
29/05/2013,12610,8880,26340,4140,1000
30/05/2013,12700,8880,26770,4180,1020
31/05/2013,12610,8970,26340,4140,1000
03/06/2013,12700,8970,26120,4050,980
05/06/2013,12870,8830,26340,4050,980
06/06/2013,13400,9400,26990,4070,980
11/06/2013,14720,9300,27200,4050,1010
12/06/2013,15690,9300,27200,4050,1020
13/06/2013,16129,9210,27200,4030,1020
14/06/2013,15780,9210,26990,4000,1020
17/06/2013,14810,9020,26120,3920,990
18/06/2013,14810,9020,25900,3960,1010
19/06/2013,15730,9350,26340,3940,990
20/06/2013,15260,9260,25900,3900,980
21/06/2013,14790,9300,25900,3870,970
24/06/2013,14790,9350,25250,3870,950
25/06/2013,14090,9110,24160,3790,940
26/06/2013,14090,9350,24810,3760,940
27/06/2013,14440,9590,25680,3850,960
28/06/2013,14910,9540,25250,3830,960
01/07/2013,15030,9300,25900,3830,960
02/07/2013,15380,9300,26340,3850,980
03/07/2013,15380,9350,26120,3830,980
05/07/2013,15380,9300,25680,3830,960
08/07/2013,15260,9350,25250,3790,960
10/07/2013,15030,9350,26120,3790,960
11/07/2013,15030,9300,26120,3870,950
15/07/2013,15260,9540,27640,3940,960
16/07/2013,15380,9490,28080,3940,990
17/07/2013,15500,9540,28080,3960,980
18/07/2013,16320,9400,28080,3940,970
19/07/2013,17140,9450,28510,3960,960
22/07/2013,17490,9350,28510,3900,960
23/07/2013,17140,9490,28290,3940,940
24/07/2013,16910,9300,27420,3870,940
25/07/2013,16910,9300,27420,3830,930
26/07/2013,16910,9300,27860,3800,920
29/07/2013,16670,9160,27420,3760,910
30/07/2013,16910,9210,27640,3780,920
31/07/2013,16910,9160,28510,3800,910
01/08/2013,17380,9210,28510,3850,930
02/08/2013,17490,9210,28510,3830,920
05/08/2013,18080,9160,28290,3800,920
07/08/2013,17850,9110,29380,3830,920
08/08/2013,17730,9110,29380,3800,910
13/08/2013,18430,9070,30040,3730,890
14/08/2013,18320,9110,30920,3780,910
15/08/2013,18320,9260,31140,3830,910
16/08/2013,18320,9260,30920,3830,920
19/08/2013,19260,9300,31580,3960,950
20/08/2013,19260,9210,30920,3940,920
21/08/2013,19260,9160,30480,3900,920
22/08/2013,18780,9070,30040,3830,900
23/08/2013,17960,9070,29810,3800,900
26/08/2013,17960,9020,30260,3830,910
27/08/2013,17490,9160,29590,3800,910
28/08/2013,16670,9020,28710,3760,880
29/08/2013,16550,9260,28710,3730,880
30/08/2013,17140,9300,28270,3760,880
04/09/2013,16670,9260,28710,3640,860
05/09/2013,17020,9300,28930,3660,870
09/09/2013,16550,9070,28490,3640,840
10/09/2013,17140,9120,28710,3660,860
12/09/2013,17140,9010,28930,3660,860
13/09/2013,17490,8960,28930,3660,860
16/09/2013,17610,8850,28710,3660,840
17/09/2013,17730,8790,28930,3640,840
18/09/2013,18080,8630,28930,3620,840
19/09/2013,18200,8790,28930,3640,840
20/09/2013,17960,8790,28710,3640,840
23/09/2013,18200,8850,28930,3710,860
24/09/2013,18200,8850,29370,3730,840
25/09/2013,18320,9010,29590,3760,870
26/09/2013,18320,9010,29150,3730,880
27/09/2013,18080,8900,29590,3730,870
30/09/2013,18080,9120,29590,3830,890
01/10/2013,18080,9340,29370,3830,890
04/10/2013,17960,9290,30260,3780,880
07/10/2013,17960,9670,30040,3850,900
09/10/2013,17960,9560,29810,3870,930
10/10/2013,17850,9560,29150,3850,920
14/10/2013,17730,9510,28710,3800,900
15/10/2013,17730,9510,28710,3830,910
16/10/2013,17610,9670,28710,3870,920
17/10/2013,17380,9730,28930,3870,970
18/10/2013,16200,9730,28930,3900,970
21/10/2013,16320,9730,28930,3920,990
22/10/2013,16670,9560,29160,3870,970
23/10/2013,16550,9560,29160,3870,980
24/10/2013,16200,9620,28710,3830,960
25/10/2013,15730,9620,28710,3800,960
28/10/2013,15730,9510,28710,3800,980
29/10/2013,15730,9560,28480,3830,980
30/10/2013,16079,9730,28930,3800,970
31/10/2013,15850,9560,28710,3800,960
01/11/2013,15850,9620,28710,3800,970
04/11/2013,15850,9560,28710,3830,980
06/11/2013,15730,9510,28930,3900,1000
07/11/2013,15730,9510,28480,3870,1000
11/11/2013,15850,9510,28480,3920,1060
12/11/2013,15970,9450,28260,3870,1020
13/11/2013,15730,9400,28260,3850,1010
14/11/2013,15850,9400,28480,3850,1010
15/11/2013,16210,9450,28710,3960,1020
18/11/2013,16680,9450,29160,4059,1030
19/11/2013,16570,9450,28710,4030,1050
20/11/2013,16450,9400,28710,4030,1050
21/11/2013,16450,9400,28930,3990,1030
22/11/2013,16450,9400,29160,4010,1030
25/11/2013,16329,9400,28930,4059,1050
26/11/2013,16570,9450,28930,4100,1070
27/11/2013,16570,9450,28930,4080,1090
28/11/2013,16570,9450,28710,4059,1080
29/11/2013,16570,9450,28710,4010,1090
03/12/2013,17280,9400,29160,4100,1110
04/12/2013,17520,9450,29160,4130,1120
06/12/2013,17040,9450,29160,4170,1110
09/12/2013,17040,9400,28930,4100,1090
11/12/2013,16920,9290,28710,4010,1080
12/12/2013,17040,9290,28930,4080,1080
13/12/2013,17040,9290,28930,4080,1080
16/12/2013,16920,9290,28930,4059,1080
17/12/2013,16800,9230,28930,4080,1100
18/12/2013,16800,9180,28710,4059,1090
19/12/2013,16800,9180,28710,4100,1110
20/12/2013,16680,9180,28930,4080,1100
23/12/2013,16680,9180,29380,4130,1130
24/12/2013,16680,9120,29160,4059,1110
25/12/2013,16680,9070,29160,4059,1110
26/12/2013,16680,9070,29830,4080,1100
27/12/2013,16800,8960,30050,4080,1090
30/12/2013,16570,8790,29830,3990,1070
31/12/2013,16680,8900,29830,4150,1100
07/01/2014,16800,9070,30050,4150,1110
08/01/2014,16920,9010,30280,4380,1160
10/01/2014,17040,8900,31170,4400,1220
13/01/2014,17160,8900,32299,4450,1200
14/01/2014,17520,8900,32070,4500,1240
15/01/2014,17400,8900,32970,4720,1330
16/01/2014,17520,8790,34540,4790,1360
17/01/2014,17880,8960,34540,4680,1390
20/01/2014,18230,8960,34760,4680,1380
21/01/2014,18350,9070,34540,4890,1420
22/01/2014,18110,9180,33640,4820,1390
23/01/2014,18110,9400,33860,4840,1390
24/01/2014,18230,9290,35440,5070,1430
27/01/2014,18350,9290,34540,5300,1450
06/02/2014,18350,9230,34540,5420,1400
07/02/2014,18110,9180,34090,5260,1370
10/02/2014,18110,9120,34090,5490,1420
12/02/2014,18110,9180,35440,5620,1430
13/02/2014,18230,9290,37010,5620,1560
14/02/2014,18350,9290,37450,5670,1610
17/02/2014,18110,9230,37010,5620,1570
18/02/2014,18230,9230,37230,5740,1580
19/02/2014,18230,9180,37230,5920,1690
20/02/2014,17880,9290,37010,5650,1610
21/02/2014,17880,9230,37010,5810,1610
24/02/2014,18710,9230,37230,6080,1650
25/02/2014,18590,9180,38580,6180,1670
26/02/2014,18590,9340,38580,6200,1670
27/02/2014,18230,9510,37230,5990,1630
28/02/2014,18230,9670,37230,5950,1630
03/03/2014,17880,9400,36780,5690,1540
04/03/2014,17880,9290,36560,5760,1550
06/03/2014,18000,9290,37450,5990,1620
07/03/2014,18000,9340,37450,6040,1670
10/03/2014,17880,9340,37450,6110,1710
11/03/2014,18350,9340,38130,6080,1690
12/03/2014,18470,9230,38350,6020,1660
13/03/2014,19660,9230,38350,6320,1760
14/03/2014,20020,9230,38130,6320,1740
17/03/2014,20380,9290,38130,6640,1820
18/03/2014,20140,9230,37900,6660,1840
19/03/2014,20140,9450,38130,6750,1870
20/03/2014,19780,9400,37680,6620,1830
21/03/2014,19900,9510,37450,6660,1840
24/03/2014,19780,9730,37680,6850,1880
25/03/2014,19540,9670,37450,6640,1800
26/03/2014,18830,9400,36780,6450,1750
27/03/2014,18830,9340,36780,6570,1840
28/03/2014,19070,9400,37010,6750,1850
31/03/2014,18830,9290,37450,6870,1910
03/04/2014,19310,9230,37900,6730,1900
04/04/2014,19310,9230,38800,6710,1900
07/04/2014,19660,9180,40150,6780,1980
08/04/2014,19780,9180,41490,6890,2050
16/04/2014,18830,8790,40590,6570,1800
17/04/2014,19070,8850,41270,6680,1820
18/04/2014,18950,8680,40820,6340,1670
21/04/2014,18000,8570,40370,5970,1620
22/04/2014,18350,8790,40820,6360,1730
23/04/2014,18230,8790,41040,6200,1700
24/04/2014,18350,8740,41490,6220,1720
25/04/2014,18350,8680,43510,6270,1720
28/04/2014,17640,8680,43510,6150,1670
29/04/2014,17880,8680,44630,6150,1680
05/05/2014,17520,8520,44630,5760,1570
06/05/2014,17160,8520,43960,5650,1520
08/05/2014,16090,8189,41270,5210,1350
09/05/2014,16450,8520,43510,5230,1480
12/05/2014,15490,8189,41540,4890,1350
13/05/2014,15490,8189,41310,4560,1360
14/05/2014,15970,8570,41540,4860,1490
15/05/2014,15970,8350,41310,4720,1470
16/05/2014,15850,8460,40850,5050,1540
19/05/2014,15970,8410,40160,5160,1540
20/05/2014,16219,8410,41310,5230,1540
21/05/2014,16340,8820,42000,5390,1620
22/05/2014,16460,8590,42220,5320,1630
23/05/2014,16219,8640,42450,5320,1600
26/05/2014,16219,8590,42450,5320,1580
27/05/2014,16219,8700,42680,5620,1680
28/05/2014,16340,8700,43140,5670,1670
29/05/2014,16219,8700,44060,5560,1640
30/05/2014,16460,8760,44750,5560,1620
02/06/2014,16090,8700,44290,5370,1570
03/06/2014,16460,8590,44980,5390,1550
05/06/2014,16710,8590,44750,5370,1530
06/06/2014,17570,8590,45900,5740,1680
10/06/2014,16830,8530,49110,5620,1600
11/06/2014,16580,8590,49110,5790,1650
13/06/2014,16710,8640,49570,5810,1660
16/06/2014,16950,8590,48650,5830,1670
17/06/2014,16950,8640,48190,6020,1720
18/06/2014,16950,8700,47730,5900,1700
19/06/2014,16830,8640,48190,5860,1670
20/06/2014,16950,8640,47730,5830,1660
23/06/2014,17320,8640,48190,5790,1660
24/06/2014,17320,8700,49110,5900,1690
25/06/2014,17200,8640,48650,5990,1720
26/06/2014,17690,8590,49570,5970,1720
27/06/2014,17570,8590,51400,5970,1720
30/06/2014,17200,8530,51400,5970,1820
01/07/2014,16950,8590,50940,6080,1810
02/07/2014,17200,8530,50030,6150,1820
03/07/2014,17200,8640,50940,6200,1840
04/07/2014,17320,8640,51400,6180,1850
07/07/2014,17320,8640,50490,6150,1860
08/07/2014,17440,8640,50940,6180,1860
10/07/2014,17440,8590,50490,5990,1780
11/07/2014,17440,8590,50030,5970,1780
21/07/2014,17810,8640,51860,6180,1810
22/07/2014,17930,8590,51860,6110,1780
23/07/2014,17690,8590,51860,6110,1780
24/07/2014,17930,8700,52320,6110,1770
25/07/2014,17570,8590,52320,6040,1680
28/07/2014,16950,8590,50940,5880,1660
29/07/2014,17080,8590,50940,5830,1660
30/07/2014,17200,8530,50940,5790,1620
31/07/2014,17320,8640,51860,5860,1660
01/08/2014,16950,8640,50940,5790,1660
04/08/2014,16830,8590,51400,5900,1660
05/08/2014,16830,8640,53700,6040,1690
07/08/2014,16950,8590,53240,6110,1670
08/08/2014,16950,8590,53240,6040,1670
12/08/2014,16950,8590,52780,6040,1650
13/08/2014,16950,8590,51860,6130,1700
14/08/2014,16950,8590,51860,6130,1720
15/08/2014,16830,8590,52320,6080,1700
18/08/2014,16830,8530,52320,6360,1750
19/08/2014,16830,8530,52780,6320,1720
20/08/2014,16830,8530,53240,6380,1720
21/08/2014,16950,8530,54160,6450,1750
22/08/2014,16950,8530,55990,6430,1770
25/08/2014,16950,8590,56910,6500,1800
26/08/2014,16950,8640,56450,6480,1840
27/08/2014,17080,8530,56450,6500,1790
28/08/2014,17320,8590,57830,6680,1850
29/08/2014,17570,8700,56910,6680,1890
05/09/2014,17440,8760,56450,6680,1870
09/09/2014,16710,8590,55080,6590,1790
10/09/2014,16830,8590,55540,6640,1820
12/09/2014,16950,8590,55540,6730,1840
15/09/2014,16830,8590,55540,6660,1810
16/09/2014,16830,8590,55080,6660,1840
17/09/2014,17080,8590,54620,7120,1940
18/09/2014,16950,8530,52320,6820,1820
19/09/2014,16950,8530,52780,6870,1820
22/09/2014,17080,8530,52550,6710,1730
23/09/2014,16950,8590,50690,6730,1770
24/09/2014,16950,8590,48830,6750,1750
25/09/2014,16950,8590,49760,6870,1780
26/09/2014,16950,8590,50220,6970,1780
29/09/2014,16950,8530,49760,7330,1800
30/09/2014,16830,8470,49290,7380,1780
01/10/2014,16950,8470,50690,7400,1810
02/10/2014,16950,8640,50220,7520,1850
03/10/2014,17080,8590,49290,7570,1870
06/10/2014,17080,8590,49290,7590,1870
07/10/2014,17200,8590,49760,7540,1860
09/10/2014,17200,8530,53940,7420,1840
10/10/2014,16950,8590,52550,7280,1810
13/10/2014,17080,8530,51620,7400,1820
14/10/2014,17080,8410,50690,7210,1760
15/10/2014,16950,8530,50220,7210,1770
16/10/2014,16460,8410,47900,6830,1720
17/10/2014,16460,8410,46500,6940,1740
20/10/2014,16580,8410,47430,6830,1730
21/10/2014,16710,8410,50690,6900,1720
22/10/2014,16710,8410,50220,7160,1780
23/10/2014,16710,8410,48830,7090,1750
24/10/2014,16710,8350,48360,7060,1760
27/10/2014,15970,8290,48360,6850,1670
28/10/2014,16219,8230,48360,7060,1680
29/10/2014,16219,8230,49290,7350,1730
30/10/2014,16219,8230,48360,7280,1790
31/10/2014,16340,8640,49290,7420,1790
03/11/2014,16460,8590,48830,7400,1780
04/11/2014,16219,8590,48360,7350,1730
06/11/2014,16340,8590,48360,7260,1810
07/11/2014,16460,8590,48830,7350,1810
11/11/2014,16580,8410,49760,7330,1780
12/11/2014,16580,8470,49290,7330,1820
13/11/2014,16840,8470,49290,7350,1820
14/11/2014,16840,8410,48360,7300,1780
17/11/2014,16460,8410,48360,7330,1800
18/11/2014,16580,8350,47900,7230,1770
19/11/2014,16460,8290,46970,7180,1730
20/11/2014,16460,8350,47430,7260,1770
21/11/2014,16580,8410,46270,7110,1730
24/11/2014,16460,8290,46040,7020,1690
25/11/2014,16580,8290,45800,7060,1720
26/11/2014,16580,8290,43710,7110,1680
27/11/2014,16460,8290,42320,7230,1730
28/11/2014,16580,8230,39990,7210,1720
02/12/2014,17960,8230,39990,7230,1720
03/12/2014,17960,8230,40690,7350,1730
05/12/2014,17960,8530,40220,7300,1760
08/12/2014,18210,8470,37670,7180,1720
09/12/2014,17330,8350,35110,6920,1650
11/12/2014,17710,8350,33020,6990,1680
12/12/2014,17960,8410,33020,7060,1690
15/12/2014,18080,8350,32920,7110,1680
16/12/2014,18210,8230,30780,6970,1620
17/12/2014,18210,8119,29580,6660,1580
18/12/2014,17710,8170,31490,6800,1620
19/12/2014,17580,8170,32439,6470,1590
22/12/2014,17830,8290,34350,6590,1620
23/12/2014,17960,8230,33400,6440,1590
24/12/2014,17960,8119,33880,6420,1600
25/12/2014,17960,8119,32439,6300,1580
26/12/2014,17960,8060,33640,6160,1550
29/12/2014,17460,8060,33400,6040,1510
30/12/2014,17960,8060,33400,6370,1560
31/12/2014,18210,8119,33640,6560,1630
06/01/2015,18830,8230,32439,6470,1680
07/01/2015,19200,8470,32920,6440,1680
09/01/2015,19330,8530,35310,6520,1690
12/01/2015,19200,8640,37690,6440,1680
13/01/2015,19330,9120,38410,6440,1690
14/01/2015,19200,9060,36980,6520,1670
15/01/2015,19200,8940,37460,6560,1700
16/01/2015,19200,9000,36980,6560,1700
19/01/2015,19200,9230,36500,6470,1680
20/01/2015,19330,9060,36980,6420,1680
21/01/2015,19080,8880,36980,6420,1670
22/01/2015,19200,9470,37460,6470,1690
23/01/2015,18950,9760,38650,6560,1700
26/01/2015,18950,10060,38170,6520,1680
27/01/2015,19700,10290,37930,6420,1670
28/01/2015,19450,11000,37460,6400,1640
29/01/2015,19580,11060,36980,6420,1650
30/01/2015,19580,10580,36740,6280,1600
02/02/2015,19700,10580,36500,6160,1540
03/02/2015,18950,9880,36500,6090,1510
04/02/2015,19580,9530,37460,6060,1480
06/02/2015,20200,10410,37930,6180,1540
10/02/2015,19830,10820,37460,6130,1540
11/02/2015,19950,10820,37220,6350,1560
12/02/2015,20450,10530,37690,6440,1590
13/02/2015,20450,10470,37690,6470,1600
24/02/2015,20330,10940,37930,6560,1620
25/02/2015,19950,11060,37460,6470,1580
26/02/2015,19950,11410,37460,6490,1580
27/02/2015,19950,11410,37690,6520,1560
02/03/2015,19700,11230,37460,6520,1540
03/03/2015,19950,11290,37220,6540,1550
04/03/2015,20200,11290,37930,6610,1590
06/03/2015,20330,11230,37930,6640,1560
09/03/2015,20200,11000,37220,6500,1520
11/03/2015,20080,11060,36980,6420,1500
12/03/2015,19700,11110,36980,6420,1510
13/03/2015,19950,11230,36500,6390,1500
16/03/2015,19950,11060,36500,6300,1450
17/03/2015,19700,11000,36740,6360,1470
18/03/2015,19950,10700,36260,6270,1450
19/03/2015,19700,10580,36020,6190,1450
20/03/2015,19700,10640,36020,6360,1450
23/03/2015,19330,10350,36260,6190,1420
24/03/2015,19080,10290,35780,6100,1410
25/03/2015,19450,10470,33400,6020,1410
26/03/2015,19700,10410,31970,5930,1410
27/03/2015,19830,10350,31250,5840,1400
30/03/2015,19700,10110,30540,5730,1370
31/03/2015,19580,10170,31490,5780,1400
02/04/2015,19580,10290,30060,5760,1380
03/04/2015,20080,10230,30540,5780,1380
06/04/2015,19950,10110,29820,5730,1360
08/04/2015,20080,10170,29820,5760,1370
09/04/2015,20330,10470,29580,5780,1400
13/04/2015,19580,10640,30060,5900,1410
14/04/2015,20080,10530,30540,5810,1400
15/04/2015,19580,10640,32210,5870,1410
16/04/2015,19450,10820,32210,6070,1450
17/04/2015,19830,10700,31730,6130,1430
20/04/2015,19830,10640,31250,6020,1420
21/04/2015,19450,10580,31010,5960,1420
22/04/2015,19830,10350,31010,5930,1380
23/04/2015,19450,10410,30780,5990,1410
24/04/2015,19330,10410,31490,5960,1410
27/04/2015,19580,10580,31490,5900,1370
05/05/2015,18950,10410,30060,5870,1320
06/05/2015,18830,10350,30540,5780,1300
08/05/2015,18830,10700,30300,5810,1340
11/05/2015,18460,10530,30060,5760,1340
13/05/2015,18210,10290,29580,5730,1360
14/05/2015,18460,10530,29580,5730,1360
15/05/2015,18580,10230,29100,5580,1370
18/05/2015,18330,9940,27670,5470,1320
19/05/2015,18850,10170,29100,5500,1320
20/05/2015,19100,10350,30300,5870,1450
21/05/2015,19750,10470,30060,6070,1500
22/05/2015,19360,10640,30540,6130,1500
25/05/2015,19360,10820,30540,6240,1520
26/05/2015,19100,11060,30300,6160,1510
27/05/2015,19100,11110,30150,6160,1520
28/05/2015,19240,11580,30640,6240,1560
29/05/2015,19240,11470,30150,6130,1550
01/06/2015,19240,11580,29910,6190,1550
02/06/2015,19100,11230,29670,6270,1560
03/06/2015,19240,11060,30150,6500,1600
04/06/2015,19240,11000,29910,6470,1580
05/06/2015,19360,11530,30880,6640,1630
08/06/2015,19620,11700,30640,6620,1620
10/06/2015,19240,11410,30640,6640,1590
11/06/2015,19490,11350,31840,6790,1630
15/06/2015,19360,12230,31360,6900,1860
16/06/2015,19360,12110,30640,6730,1800
17/06/2015,19240,12230,30390,6670,1790
18/06/2015,19240,12170,30390,6820,1860
19/06/2015,19490,12230,30390,6730,1850
22/06/2015,19490,12470,30640,6840,1830
23/06/2015,19490,12710,30640,6760,1800
24/06/2015,19490,12530,30640,6790,1850
25/06/2015,19490,12280,30150,6820,1860
26/06/2015,20010,11850,29910,6990,1950
29/06/2015,20520,11970,30390,7100,1990
30/06/2015,20140,11850,29910,6960,1890
01/07/2015,21170,11600,29910,7100,1910
07/07/2015,20660,12840,31360,7560,1940
08/07/2015,20780,13080,30640,7360,1830
09/07/2015,20780,12960,30390,7500,1900
10/07/2015,20780,13760,30150,7450,1870
13/07/2015,20910,14200,30640,7500,1870
14/07/2015,20780,14010,30390,7680,1930
15/07/2015,20660,13580,30150,7500,1910
16/07/2015,20660,13330,29910,7530,1940
17/07/2015,22080,13460,29910,7450,1930
20/07/2015,22330,13700,28950,7500,1890
21/07/2015,22330,13700,28460,7480,1860
22/07/2015,22850,14200,28700,7700,1980
23/07/2015,23110,14070,29670,7790,1990
24/07/2015,24530,14010,29430,7790,2060
27/07/2015,24660,14200,29190,8100,2120
28/07/2015,24270,14200,28950,8020,2050
29/07/2015,24270,13890,28460,7880,2029
30/07/2015,24400,14070,28700,7850,2080
31/07/2015,24140,13890,28460,7790,2009
04/08/2015,23500,13460,27980,7590,1930
05/08/2015,23750,13640,28220,7730,1970
06/08/2015,23620,13330,27980,7680,1930
07/08/2015,24010,13270,27980,7680,1940
10/08/2015,24790,13520,27740,7900,1990
12/08/2015,25170,13390,27500,7700,1980
13/08/2015,25560,13020,27020,7680,1970
14/08/2015,26080,12780,25330,7840,1990
17/08/2015,26590,11910,23780,7620,1930
18/08/2015,25820,12340,23880,7690,1940
19/08/2015,26080,12220,23590,7940,2029
20/08/2015,26850,11910,21950,7840,1980
21/08/2015,26340,11600,20700,7840,1950
24/08/2015,24530,10800,19250,7310,1760
25/08/2015,24530,11050,18720,7310,1750
26/08/2015,25040,11540,20020,7530,1850
27/08/2015,25560,11970,21420,7590,1860
28/08/2015,25820,12280,22920,8100,1930
31/08/2015,25560,11910,23640,8160,1940
01/09/2015,25170,11790,22960,8130,1930
03/09/2015,24790,11850,22050,7750,1850
04/09/2015,25300,11910,22140,7720,1860
07/09/2015,25040,11970,22100,7780,1850
09/09/2015,25300,12650,22680,7880,1900
10/09/2015,26080,12530,22380,8000,1890
11/09/2015,25560,12280,22430,7840,1860
14/09/2015,25300,12340,21950,7660,1800
15/09/2015,25690,12280,22100,7780,1820
16/09/2015,25560,12160,22240,7720,1830
17/09/2015,25560,11910,23450,7750,1780
18/09/2015,26340,12340,23160,7840,1820
21/09/2015,26340,12470,23060,7840,1850
22/09/2015,27370,12340,22920,7780,1830
23/09/2015,27110,12470,23200,7750,1830
24/09/2015,27630,12590,22920,7720,1820
25/09/2015,28140,12530,22920,7690,1780
28/09/2015,28140,12340,22340,7500,1720
29/09/2015,28140,12160,22050,7400,1700
30/09/2015,28660,12100,22100,7400,1700
02/10/2015,29690,12100,22340,7370,1660
06/10/2015,28660,12530,22840,7840,1800
07/10/2015,29180,12340,23430,7750,1780
08/10/2015,28920,12530,23480,7780,1790
09/10/2015,28660,12590,23820,7660,1760
12/10/2015,28660,12590,23920,7750,1780
13/10/2015,29690,12590,23430,7690,1780
14/10/2015,30980,12470,23180,7690,1760
15/10/2015,30980,12780,23330,7660,1790
16/10/2015,31500,13020,23380,7660,1800
19/10/2015,31500,13080,23280,7620,1790
20/10/2015,32020,12900,23130,7500,1720
21/10/2015,31760,12840,23030,7470,1740
22/10/2015,31500,12840,23030,7530,1800
23/10/2015,32020,13020,23230,7560,1800
26/10/2015,31760,12900,23080,7470,1820
27/10/2015,31760,12900,22780,7440,1850
28/10/2015,32020,12780,22840,7370,1830
29/10/2015,32530,12900,23030,7500,1870
30/10/2015,33310,12840,23080,7560,1860
02/11/2015,31760,12900,23030,7470,1830
03/11/2015,32020,12960,23030,7500,1870
05/11/2015,32020,12900,23670,7620,1900
06/11/2015,32020,12840,23430,7500,1860
09/11/2015,31760,12780,23180,7440,1860
11/11/2015,31500,12530,22590,7310,1800
12/11/2015,32270,12710,22100,7340,1820
13/11/2015,34340,12710,21500,7370,1820
16/11/2015,35630,12530,21260,7310,1780
17/11/2015,34850,12400,21450,7310,1780
18/11/2015,35890,12340,21360,7340,1790
19/11/2015,35110,12280,21360,7310,1760
20/11/2015,35110,12280,21400,7340,1790
23/11/2015,35110,12160,21310,7470,1830
24/11/2015,34080,12100,21260,7400,1850
25/11/2015,34080,12100,21450,7440,1820
26/11/2015,33050,12040,21450,7340,1790
27/11/2015,32790,11790,21160,7250,1780
30/11/2015,31760,11360,20320,7150,1740
01/12/2015,32020,11290,20220,7180,1710
02/12/2015,32790,11480,20220,7220,1700
03/12/2015,33050,11480,19880,7280,1700
08/12/2015,33820,11540,19380,7280,1720
10/12/2015,33310,11170,18790,7120,1640
11/12/2015,33820,11110,18940,7060,1640
14/12/2015,33560,10920,18440,7220,1620
15/12/2015,34600,11230,18790,7280,1600
16/12/2015,34600,11420,18940,7220,1630
17/12/2015,35110,11600,18690,7180,1620
18/12/2015,35110,11420,18540,7280,1590
21/12/2015,34600,11420,18100,7120,1550
22/12/2015,34080,11290,18200,7090,1520
23/12/2015,33690,11170,18250,7060,1480
24/12/2015,33430,11170,18440,6990,1520
25/12/2015,33690,11170,18500,6990,1520
28/12/2015,34470,11170,18150,6930,1520
29/12/2015,34730,11420,18000,7030,1600
30/12/2015,34210,11480,18000,7060,1630
31/12/2015,34210,11480,17850,6990,1630
04/01/2016,33430,11290,17850,6840,1560
06/01/2016,33430,11290,17900,6580,1560
07/01/2016,32650,11170,17020,6400,1500
08/01/2016,32650,10920,17260,6240,1440
11/01/2016,31860,10920,17260,6270,1440
12/01/2016,32380,10990,17110,6520,1500
13/01/2016,33170,10920,17260,6520,1510
14/01/2016,32650,10920,16970,6360,1500
15/01/2016,32119,10860,16920,6240,1430
18/01/2016,31340,10370,15730,6020,1320
19/01/2016,31600,10740,15730,6080,1370
20/01/2016,31340,10430,15140,6050,1360
21/01/2016,30820,10120,14800,5990,1370
22/01/2016,30820,9940,15780,6180,1460
25/01/2016,31340,10620,16870,6580,1520
26/01/2016,30300,10740,17510,6400,1480
27/01/2016,30560,10800,18000,6460,1520
28/01/2016,30820,10620,18100,6400,1540
29/01/2016,31600,10620,19330,6460,1550
02/02/2016,30820,10550,17760,6400,1480
03/02/2016,31860,10490,18840,6430,1480
15/02/2016,31600,10620,18840,6550,1510
16/02/2016,32650,10550,19730,6580,1520
17/02/2016,33430,10550,19430,6620,1500
18/02/2016,33690,10740,20570,6680,1540
19/02/2016,33430,10620,20960,6680,1520
22/02/2016,34210,10620,21160,7030,1600
23/02/2016,33950,10550,21360,7060,1560
24/02/2016,33690,11230,21110,7180,1600
25/02/2016,33950,11360,20620,7060,1550
26/02/2016,33950,11290,20960,7090,1580
29/02/2016,33950,10990,21060,7090,1590
02/03/2016,36040,11050,21750,7310,1580
03/03/2016,36040,11110,22290,7280,1590
08/03/2016,35260,10920,23770,7060,1600
10/03/2016,35260,10800,23820,7220,1670
22/03/2016,36820,10550,23440,6800,1600
23/03/2016,37080,10620,23900,6840,1590
24/03/2016,39170,10430,23230,6870,1580
25/03/2016,39440,10430,23280,6800,1550
28/03/2016,39960,10430,23280,6800,1550
29/03/2016,39700,10240,22410,6650,1520
30/03/2016,39700,10310,22150,6710,1520
31/03/2016,37870,10120,21120,6650,1500
01/04/2016,37870,10060,21380,6680,1500
04/04/2016,37610,10180,20810,6710,1510
05/04/2016,38650,10120,21120,6840,1580
07/04/2016,39440,10310,22720,6900,1590
08/04/2016,39170,10310,22720,6840,1580
11/04/2016,39440,10180,23180,6900,1590
13/04/2016,38390,10000,23800,6840,1600
14/04/2016,37610,9940,23640,6840,1600
15/04/2016,38130,10000,23850,6800,1590
19/04/2016,35780,9880,22820,6710,1560
20/04/2016,34730,9880,23080,6680,1550
21/04/2016,35260,9880,24520,6680,1560
22/04/2016,36560,10370,25500,6770,1590
25/04/2016,36560,10550,24880,6960,1600
26/04/2016,36300,10430,25500,7060,1560
27/04/2016,36040,10180,26010,6900,1560
28/04/2016,36040,10000,26270,6840,1580
29/04/2016,36820,10240,26270,6740,1590
04/05/2016,36820,10120,26010,6740,1590
05/05/2016,38130,10310,25760,6740,1580
09/05/2016,37610,10680,26270,6680,1590
10/05/2016,37610,10740,26270,6550,1590
12/05/2016,37610,10920,27040,6430,1580
13/05/2016,37350,10920,27820,6360,1560
16/05/2016,37610,10800,28590,6490,1580
17/05/2016,37870,11110,30390,6550,1590
18/05/2016,37870,11050,29880,6520,1590
19/05/2016,38000,10920,29620,6490,1560
20/05/2016,37730,10800,29620,6520,1560
23/05/2016,37730,10550,29100,6550,1560
24/05/2016,38270,10680,29100,6520,1560
25/05/2016,38000,10680,29620,6490,1560
26/05/2016,36920,10550,29360,6460,1540
27/05/2016,37190,10740,29100,6550,1550
30/05/2016,37190,10860,29360,6800,1590
31/05/2016,37460,10990,30910,6770,1590
01/06/2016,36650,10990,30910,6710,1620
06/06/2016,35840,10860,31170,6650,1580
07/06/2016,36380,10740,31680,6680,1580
09/06/2016,36380,10990,31940,6870,1640
10/06/2016,36380,10990,31170,6930,1700
13/06/2016,36380,10860,30910,6800,1680
14/06/2016,36380,10740,30910,6770,1700
15/06/2016,38000,10740,31680,6680,1700
16/06/2016,37730,10620,30910,6680,1670
17/06/2016,37730,10430,30650,6460,1630
20/06/2016,38810,10490,31680,6580,1640
21/06/2016,39080,10490,31170,6580,1630
22/06/2016,39350,10430,31170,6550,1600
23/06/2016,39350,10620,31420,6550,1620
24/06/2016,38810,10310,30910,6400,1520
27/06/2016,38000,10310,31170,6360,1520
28/06/2016,39350,10180,31170,6400,1540
29/06/2016,39080,10430,31940,6580,1540
30/06/2016,39350,10370,32200,6550,1580
01/07/2016,40160,10490,33740,6490,1580
04/07/2016,42850,10550,34260,6930,1720
06/07/2016,43390,10620,33230,7060,1760
07/07/2016,43930,10680,34510,7090,1850
11/07/2016,42040,10740,32970,7250,1740
12/07/2016,42580,10920,33230,7370,1830
13/07/2016,42850,11660,34000,7590,1850
14/07/2016,43390,11480,33230,7440,1820
15/07/2016,44740,11540,32970,7400,1830
18/07/2016,45010,11540,33480,7470,1850
19/07/2016,43930,11230,32970,7590,1870
20/07/2016,43930,10990,32200,7470,1860
21/07/2016,45010,10990,32450,7250,1820
22/07/2016,43930,10990,31680,7090,1780
25/07/2016,42850,10800,31940,7030,1760
26/07/2016,42580,10860,30390,7060,1760
27/07/2016,43120,11110,31170,7150,1760
28/07/2016,44200,10990,29880,7310,1800
29/07/2016,43930,10990,30140,7220,1800
01/08/2016,41780,10920,30910,7180,1800
03/08/2016,39350,10550,30390,6990,1750
04/08/2016,39080,10680,30650,6930,1710
08/08/2016,38810,10620,31170,6740,1720
09/08/2016,39890,10430,31680,6740,1740
11/08/2016,41500,10860,31940,6930,1790
12/08/2016,40700,10800,32450,6870,1750
15/08/2016,39890,10800,32970,6900,1770
16/08/2016,40160,10680,32710,7060,1840
17/08/2016,42850,10680,32710,7060,1840
18/08/2016,43120,10680,31940,6960,1840
19/08/2016,42310,10550,33230,6840,1790
22/08/2016,41780,10620,33740,6740,1770
23/08/2016,42580,10550,32710,6800,1780
24/08/2016,42310,10680,32710,6770,1790
25/08/2016,42580,10550,31940,6740,1750
26/08/2016,43120,10740,32710,6840,1770
29/08/2016,42580,10680,32450,6740,1750
30/08/2016,42580,10740,33230,6650,1770
31/08/2016,43930,10740,32970,6740,1770
05/09/2016,44200,10550,32450,6650,1750
06/09/2016,45820,10550,32970,6650,1780
08/09/2016,46090,10620,33230,6710,1810
09/09/2016,46090,10740,33230,6800,1850
12/09/2016,45280,10650,32509,6710,1810
13/09/2016,45410,10580,32710,6650,1840
14/09/2016,46460,10370,32710,6620,1790
15/09/2016,47140,10460,32450,6550,1770
16/09/2016,47030,10460,32560,6550,1770
19/09/2016,45950,10550,32970,6760,1790
20/09/2016,46220,10520,34000,6790,1820
21/09/2016,46870,10490,34820,6880,1860
22/09/2016,47160,10490,34930,6880,1860
29/09/2016,52230,10580,37710,7030,1930
30/09/2016,52230,10460,36570,7030,1960
03/10/2016,52820,10460,36830,7060,2020
05/10/2016,52290,10860,37140,7140,1950
06/10/2016,53090,10860,36570,7060,1920
10/10/2016,51750,10550,35010,7030,1880
11/10/2016,51800,10580,37340,7040,1860
13/10/2016,53090,10580,36830,7020,1890
14/10/2016,53900,10520,36720,7010,1860
17/10/2016,54710,10520,36050,6990,1880
18/10/2016,54710,10520,35530,6960,1850
19/10/2016,55440,10710,35840,7010,1880
20/10/2016,54850,10680,35790,7010,1880
21/10/2016,54790,10580,35790,7110,1860
24/10/2016,53900,10680,35320,6960,1850
25/10/2016,53630,10620,35420,6980,1820
26/10/2016,53770,10460,35110,6860,1810
27/10/2016,54120,10240,35160,6860,1810
28/10/2016,54120,10490,35270,6860,1790
31/10/2016,54390,10400,34230,6940,1770
01/11/2016,54360,10340,34490,6880,1750
03/11/2016,52820,10240,33870,6740,1710
04/11/2016,53360,10240,34080,6660,1700
07/11/2016,54440,10310,34910,6810,1710
08/11/2016,54440,10210,35110,6810,1720
10/11/2016,54170,10240,35270,6810,1710
30/11/2016,52560,9940,33140,6560,1630
01/12/2016,52420,10000,35420,6550,1630
05/12/2016,52290,9910,34490,6330,1640
07/12/2016,50940,9660,33870,6140,1650
08/12/2016,50530,9600,33710,6170,1680
09/12/2016,51400,9510,34230,6180,1680
12/12/2016,51180,9260,34230,6100,1670
13/12/2016,52560,9010,33710,6220,1680
14/12/2016,52020,9040,33710,6270,1680
15/12/2016,52020,9160,33400,6270,1710
16/12/2016,52560,9260,33300,6330,1770
19/12/2016,52560,9440,33660,6550,1820
20/12/2016,52150,9410,32990,6460,1790
21/12/2016,52530,9380,33710,6450,1790
22/12/2016,52260,9320,34140,6400,1810
23/12/2016,52230,9380,33340,6400,1790
26/12/2016,52260,9350,32850,6460,1810
27/12/2016,52020,9380,32259,6420,1820
28/12/2016,51990,9380,32210,6510,1820
29/12/2016,51990,9260,32100,6500,1840
30/12/2016,52020,9290,32580,6460,1840
03/01/2017,51750,9940,32320,6610,1860
06/01/2017,50410,10280,32479,6700,1860
09/01/2017,50380,10550,32530,6760,1860
11/01/2017,50490,10920,32479,6700,1820
12/01/2017,51560,10860,32530,6740,1850
13/01/2017,51560,10680,32049,6760,1850
16/01/2017,51340,10610,31190,6730,1850
17/01/2017,50380,11350,30490,6790,1840
18/01/2017,50380,11130,30860,6730,1680
19/01/2017,50440,11350,30860,6650,1790
20/01/2017,51610,11510,31240,6650,1770
23/01/2017,52560,11770,31460,6600,1720
24/01/2017,53110,11930,32259,6610,1740
25/01/2017,52560,11930,32320,6660,1720
02/02/2017,52640,12030,32530,6810,1710
03/02/2017,52430,11870,31990,6760,1750
06/02/2017,52970,11770,32259,6780,1740
08/02/2017,53350,11480,31780,6890,1740
10/02/2017,52700,11930,31720,6860,1710
13/02/2017,53190,11900,31780,6990,1790
14/02/2017,53030,12000,31780,6960,1750
15/02/2017,53030,12410,31780,6990,1770
16/02/2017,52750,12410,31880,6890,1780
17/02/2017,52150,12160,31670,6940,1790
20/02/2017,51750,11900,31720,6940,1820
21/02/2017,51750,11770,32100,6940,1810
22/02/2017,51200,11580,33340,7110,1850
23/02/2017,50930,11510,33880,7120,1840
24/02/2017,51310,11610,33180,7020,1810
27/02/2017,51200,11770,33280,7020,1820
28/02/2017,50930,11740,32420,6990,1790
01/03/2017,51470,11580,31670,6990,1770
02/03/2017,51260,11550,31190,6830,1770
03/03/2017,51690,11770,31510,6860,1750
07/03/2017,51170,11770,31290,6930,1780
08/03/2017,51120,11800,31080,6930,1780
10/03/2017,50660,11710,30000,7040,1790
13/03/2017,50930,11550,29410,7060,1820
14/03/2017,51880,11510,29570,7060,1850
15/03/2017,51880,11450,29570,7020,1840
16/03/2017,51720,11480,29900,7360,1850
17/03/2017,51690,11610,29570,7500,1910
20/03/2017,51720,11770,29470,7590,1980
21/03/2017,52700,11900,29250,7590,1990
22/03/2017,52560,11800,28500,7440,1950
23/03/2017,53900,11900,28600,7500,1960
24/03/2017,53920,12030,29300,7600,2029
27/03/2017,55970,12090,29040,7730,2060
28/03/2017,55970,11900,28820,7730,2029
29/03/2017,55830,11800,28930,7770,2050
30/03/2017,55310,11800,29250,7870,2090
31/03/2017,56020,11640,29570,7870,2100
04/04/2017,53380,11550,29200,7850,2050
05/04/2017,53110,11580,29470,7590,2000
07/04/2017,53110,11580,30760,7650,2020
10/04/2017,54470,11510,30970,7880,2220
12/04/2017,54060,11450,30160,7570,2170
13/04/2017,54170,11420,29780,7420,2090
14/04/2017,54140,11260,29340,7320,2090
17/04/2017,53650,10940,29390,7210,2080
18/04/2017,53380,11130,29990,7440,2120
19/04/2017,53000,11130,29940,7340,2090
20/04/2017,52070,11190,29390,7370,2080
21/04/2017,51340,11000,29180,7370,2140
24/04/2017,50330,10940,29450,7260,2100
25/04/2017,51200,11000,29230,7310,2090
26/04/2017,51170,11060,29670,7390,2090
27/04/2017,50930,11130,30370,7340,2130
28/04/2017,50930,11160,30210,7220,2130
04/05/2017,49780,11450,30050,7450,2300
05/05/2017,49680,11420,29720,7420,2280
09/05/2017,49570,11550,30260,7850,2560
10/05/2017,49540,11770,29940,7770,2500
12/05/2017,50520,11680,29670,7750,2510
15/05/2017,50520,11640,29450,7920,2620
16/05/2017,50380,11450,29720,7820,2540
17/05/2017,49840,11420,29610,7950,2510
18/05/2017,50080,11550,29780,8080,2520
19/05/2017,49700,11710,30430,8570,2720
22/05/2017,49300,12350,31630,8490,2700
23/05/2017,48480,12030,31240,8380,2660
24/05/2017,47440,12380,31080,8640,2660
25/05/2017,47390,12160,31630,8660,2680
26/05/2017,49840,12160,30920,8570,2720
29/05/2017,49160,12580,31570,8510,2750
30/05/2017,49210,12160,30810,8160,2690
31/05/2017,49190,12090,30260,8180,2640
01/06/2017,50380,12000,30320,8210,2650
02/06/2017,50080,12030,29720,8510,2690
06/06/2017,50080,12350,30160,8440,2720
07/06/2017,50380,12800,30210,8530,2940
09/06/2017,50110,12480,29880,8660,2920
12/06/2017,50110,12540,30050,8670,2970
13/06/2017,53280,12740,30590,8770,3010
14/06/2017,52930,13020,31300,8740,3010
20/06/2017,50060,13440,31630,9090,3010
21/06/2017,48820,13020,31410,9040,3000
22/06/2017,48720,12830,31030,9020,3070
23/06/2017,50550,12860,30860,9000,3040
26/06/2017,50550,13020,31030,9050,3040
27/06/2017,50260,12860,31240,8890,3000
28/06/2017,49360,12960,31740,9040,3000
29/06/2017,49320,12960,31740,9070,3030
30/06/2017,49070,13020,32299,9120,3030
03/07/2017,48520,13280,33020,9220,3170
04/07/2017,48220,13090,32680,9320,3220
06/07/2017,49320,13020,33630,9430,3270
07/07/2017,48820,12800,33630,9070,3080
11/07/2017,47580,12610,33290,8840,3030
12/07/2017,47580,12540,34620,8770,3110
13/07/2017,46340,12670,35010,8790,3130
14/07/2017,44610,12450,35180,8840,3110
17/07/2017,42970,12090,34400,8480,2940
18/07/2017,40000,11960,33630,8330,2940
19/07/2017,39950,12160,34730,8310,2990
20/07/2017,37670,12220,34350,8350,3000
21/07/2017,35780,11960,33240,8380,3000
24/07/2017,38260,11960,33020,8160,2970
25/07/2017,40940,12290,33520,8330,3070
26/07/2017,40940,12510,33960,8440,3140
27/07/2017,39800,12410,33570,8430,3110
28/07/2017,40540,12540,34070,8530,3150
31/07/2017,39400,13120,34680,8670,3180
02/08/2017,38660,12960,35340,8490,3210
03/08/2017,38660,12960,35340,8560,3360
08/08/2017,37720,12640,35730,8570,3420
09/08/2017,38410,12090,35120,8330,3350
11/08/2017,39060,12220,33960,8260,3490
18/08/2017,40290,11960,33740,8200,3280
21/08/2017,39900,11930,33850,8060,3220
22/08/2017,39750,11740,33630,7920,2990
23/08/2017,39600,11740,33790,8020,2940
24/08/2017,39160,12160,34010,8029,2940
25/08/2017,38160,12120,34010,8130,2870
28/08/2017,37970,12120,34900,8300,2940
29/08/2017,36780,12030,34680,8210,2930
30/08/2017,37020,11930,34680,8200,2900
31/08/2017,36680,12250,34680,8260,2910
01/09/2017,36430,12250,35180,8310,2940
05/09/2017,36380,12160,35840,8280,3000
06/09/2017,35830,12060,36060,8250,3000
08/09/2017,35830,12060,37280,8230,2960
11/09/2017,34690,11930,36560,8150,2930
13/09/2017,37520,11960,36900,8260,3070
14/09/2017,36920,12060,38220,8390,3140
15/09/2017,38160,12030,38510,8440,3100
18/09/2017,37670,12320,38450,8510,3100
19/09/2017,38960,12410,38110,8510,3080
20/09/2017,40150,12540,38110,8410,3050
21/09/2017,39160,12740,38220,8360,3080
22/09/2017,39250,12580,38510,8410,3070
25/09/2017,38610,12480,38510,8380,3010
26/09/2017,37870,12510,39070,8380,3010
27/09/2017,37670,12540,39740,8380,3030
28/09/2017,38110,12340,39740,8250,3000
05/10/2017,37670,12610,38220,8430,2900
10/10/2017,37170,12740,37720,8430,2950
11/10/2017,37370,12610,38340,8480,2940
13/10/2017,38810,12680,39350,8360,2920
16/10/2017,38160,12780,39010,8380,2860
17/10/2017,37770,12940,39010,8510,2920
19/10/2017,39160,13010,39520,8410,2920
20/10/2017,38960,12980,39740,8340,2880
23/10/2017,38160,12640,38280,8100,2800
24/10/2017,38660,12580,39180,8020,2830
25/10/2017,38060,12740,39240,8029,2860
26/10/2017,37670,12540,38560,7960,2850
27/10/2017,37470,12740,38960,7960,2840
30/10/2017,36970,12640,40980,7840,2830
31/10/2017,36630,12510,40190,7760,2730
01/11/2017,36730,12540,41040,7620,2660
07/11/2017,38310,13010,41990,7900,2700
08/11/2017,38360,13280,43060,7910,2720
09/11/2017,39750,13140,43170,8020,2770
10/11/2017,41530,13610,43170,8000,2750
13/11/2017,44410,13610,44690,8260,2900
14/11/2017,43850,13950,44970,8340,2890
15/11/2017,44810,13880,44800,8320,2900
16/11/2017,45060,14010,44910,8440,2980
17/11/2017,43850,13740,44630,8410,3020
20/11/2017,46620,13880,46000,8440,3030
21/11/2017,45620,14150,46110,8620,3120
22/11/2017,46370,15110,47080,8740,3130
23/11/2017,46370,15810,45890,8750,3080
24/11/2017,46020,15610,45660,8750,3110
27/11/2017,46620,15610,46170,8920,3200
28/11/2017,47080,15410,45430,8920,3200
29/11/2017,48940,16079,45430,9130,3190
30/11/2017,48390,16210,45370,9230,3290
01/12/2017,48190,16050,46570,9460,3340
04/12/2017,49040,16180,46340,9990,3430
05/12/2017,46120,15680,47080,9680,3290
06/12/2017,46470,15680,47420,9590,3280
07/12/2017,46980,15550,48390,9300,3200
12/12/2017,44050,14280,49530,9080,3000
13/12/2017,44610,13910,49300,8990,2990
14/12/2017,45360,14680,48850,9150,3080
15/12/2017,45160,14610,49530,9300,3080
18/12/2017,44910,15010,52660,9440,3180
19/12/2017,43000,14710,51460,9560,3310
20/12/2017,41940,14980,52430,9610,3320
21/12/2017,42240,14750,52600,9470,3300
22/12/2017,41940,14880,53000,9460,3320
25/12/2017,41280,14810,53680,9560,3380
26/12/2017,40580,15450,55510,9610,3360
27/12/2017,39820,15550,56250,9510,3420
28/12/2017,42590,16180,56190,9830,3660
29/12/2017,43150,16149,55450,9880,3700
02/01/2018,44260,16650,54250,9990,3740
03/01/2018,43350,16550,55450,10370,3760
08/01/2018,42340,17150,57160,10130,3780
10/01/2018,42140,17020,58640,10420,3860
11/01/2018,42090,17110,58750,10400,3810
15/01/2018,41840,17420,58180,10970,3960
16/01/2018,42940,17750,58920,10930,3960
17/01/2018,42340,16820,56870,10470,3740
18/01/2018,42090,17020,56990,10810,3860
19/01/2018,42440,16880,56360,11160,3880
22/01/2018,44710,17180,60290,11740,4010
23/01/2018,44710,17180,60290,11740,4010
25/01/2018,44810,17850,64500,12150,4140
26/01/2018,43850,18220,66270,12120,4100
29/01/2018,42890,18880,65980,12560,4180
30/01/2018,43550,18720,66320,12530,4440
31/01/2018,42840,18150,70940,11700,4200
01/02/2018,43040,18180,69570,11860,3970
02/02/2018,43400,18680,68890,12050,4059
05/02/2018,40480,17380,64099,11210,3780
07/02/2018,41740,17180,62620,11330,3950
08/02/2018,41430,16350,59210,10850,3920
13/02/2018,45820,18150,61480,11720,4150
21/02/2018,46370,18580,63760,12050,4270
22/02/2018,45010,19120,60350,11810,4140
23/02/2018,47080,20280,63190,12080,4200
26/02/2018,46270,20480,64330,12030,4420
27/02/2018,46370,21420,64610,12120,4720
28/02/2018,47280,22420,64840,12670,4940
01/03/2018,45870,21820,66040,12980,4850
05/03/2018,44410,20350,63760,12130,4480
07/03/2018,43750,21020,65360,13110,5000
08/03/2018,43350,21150,65239,13100,4990
12/03/2018,39570,22320,66150,13180,4910
13/03/2018,38110,23820,65470,13560,4980
14/03/2018,39770,23720,67290,13460,5150
15/03/2018,38760,24420,68890,13470,5300
16/03/2018,37800,24490,72870,14070,5300
19/03/2018,37300,24220,73160,14070,5360
20/03/2018,38310,24020,71730,14090,5280
21/03/2018,39110,24160,72420,14060,5210
22/03/2018,37960,23890,76170,13830,5010
23/03/2018,37200,23320,74520,13590,4890
26/03/2018,37100,23890,73780,13800,5180
27/03/2018,36800,23890,72190,13730,5090
28/03/2018,36540,23490,72300,13560,5200
29/03/2018,35280,23350,72020,13390,5270
30/03/2018,34680,23090,74810,13390,5280
04/04/2018,35280,23950,74010,14380,5610
05/04/2018,35790,23750,73950,14380,5670
06/04/2018,35740,23820,73900,14380,5910
09/04/2018,35740,25160,73900,15210,6180
10/04/2018,35740,24890,73720,14930,6110
12/04/2018,35940,23820,74290,14420,6090
13/04/2018,35030,22820,72870,14180,6030
16/04/2018,34580,22690,72470,14210,6000
17/04/2018,33470,23220,72870,14420,6010
18/04/2018,32060,22390,73610,14240,5870
19/04/2018,30500,21080,73610,13940,5740
20/04/2018,30900,22350,76290,14420,5740
23/04/2018,28780,20820,70990,13420,5340
24/04/2018,27720,20250,73330,12840,4970
26/04/2018,26360,18850,68200,11940,4620
27/04/2018,26870,19550,63480,12360,4940
02/05/2018,26970,18180,59040,11940,4760
03/05/2018,27120,19350,54940,12010,4920
04/05/2018,26210,19020,55790,11760,4870
07/05/2018,26460,20320,58920,12490,5170
09/05/2018,26970,20020,61200,12290,4780
10/05/2018,26510,18680,59780,11770,4450
11/05/2018,27780,19620,63250,11880,4760
14/05/2018,29690,19680,67180,12010,4430
15/05/2018,31750,19920,67520,12180,4160
16/05/2018,31750,19420,68140,11840,4250
17/05/2018,31280,19480,66040,11530,4310
18/05/2018,30690,19650,65470,11330,4190
21/05/2018,30480,19220,61770,10980,4050
22/05/2018,31170,18080,60290,10310,3770
23/05/2018,31910,18680,64500,10710,4030
24/05/2018,31590,18250,64440,10450,3860
25/05/2018,31590,17450,59950,10130,3620
28/05/2018,30960,16250,55790,9440,3370
29/05/2018,31540,17380,54650,10090,3610
30/05/2018,31750,17110,50840,10280,3490
31/05/2018,33600,18080,51460,10980,3620
04/06/2018,32390,18650,52550,11460,3700
06/06/2018,33870,19320,58580,11640,4230
07/06/2018,33500,18920,56700,11450,4019
08/06/2018,33070,19050,55510,11670,4140
11/06/2018,32600,18720,55340,11690,4140
12/06/2018,31540,18280,52490,11530,3960
13/06/2018,32280,18320,54990,11650,4040
14/06/2018,32280,17880,53510,11190,3800
15/06/2018,32970,18080,54600,11500,3860
18/06/2018,32700,17250,51240,10730,3650
19/06/2018,31590,16950,49530,10640,3500
20/06/2018,31750,17450,52380,10810,3620
21/06/2018,30800,16920,50720,10610,3580
22/06/2018,31220,17280,51640,10850,3560
25/06/2018,31280,17580,51810,10860,3620
26/06/2018,31590,17350,51240,10780,3540
27/06/2018,31540,16680,51350,10190,3390
28/06/2018,31490,16210,50830,9780,3220
29/06/2018,31010,16180,51530,9780,3270
02/07/2018,30430,15410,51470,9440,3110
03/07/2018,29900,14350,48320,8860,2900
05/07/2018,31490,13680,43080,9220,3010
06/07/2018,30690,14610,46050,9820,3220
09/07/2018,29740,14750,46290,9540,3170
11/07/2018,27570,13950,45300,8920,3010
12/07/2018,27520,14550,46000,8960,3090
13/07/2018,28200,15080,47630,9420,3140
03/08/2018,29320,15250,54500,9970,3460
06/08/2018,29530,15250,55950,9820,3370
08/08/2018,28890,15980,57060,10140,3640
10/08/2018,28310,16180,57470,10400,3860
13/08/2018,27780,17180,59970,10810,3970
14/08/2018,28420,16880,58920,10640,3950
15/08/2018,28580,16820,55310,10300,3770
16/08/2018,28310,17450,55020,10230,3820
17/08/2018,27940,17350,56010,10190,3770
20/08/2018,27890,17150,57170,10010,3790
21/08/2018,28100,17680,56770,10500,3920
22/08/2018,28630,17520,58220,10370,4070
23/08/2018,28310,17420,58460,10490,4080
24/08/2018,28310,17420,59100,10370,4030
27/08/2018,28200,18150,59510,10590,4070
28/08/2018,28580,18180,60700,10880,4200
29/08/2018,28260,18020,59930,10950,4150
30/08/2018,28680,18420,62360,11070,4210
31/08/2018,29740,18120,61170,10850,4180
04/09/2018,30060,17280,61170,10540,3990
05/09/2018,30060,17380,59450,10610,4040
07/09/2018,29900,17680,59630,10810,4200
10/09/2018,29740,17480,59870,10740,4200
11/09/2018,29580,17980,61470,11050,4460
13/09/2018,29630,17780,64140,10920,4430
14/09/2018,30850,17980,64140,11020,4310
17/09/2018,30850,17750,64739,10740,4160
18/09/2018,31010,17950,65090,10980,4310
19/09/2018,31120,17880,66580,11070,4290
20/09/2018,31330,18320,68900,11190,4330
21/09/2018,31860,18750,68840,11290,4390
24/09/2018,33340,18680,69960,11380,4350
04/10/2018,35770,18480,73650,11780,4360
05/10/2018,35770,18080,71270,11540,4240
08/10/2018,35980,17920,69190,11520,4280
09/10/2018,35240,17820,70860,11550,4290
10/10/2018,33340,17650,71860,11540,4260
12/10/2018,32020,16950,71210,10950,3930
15/10/2018,32280,16520,68300,10720,3750
16/10/2018,32170,16780,69370,10740,3750
17/10/2018,34080,16880,69550,10900,3890
18/10/2018,33230,16580,68000,10760,3800
19/10/2018,32650,16480,66520,10670,3740
22/10/2018,31220,16309,66520,10620,3480
23/10/2018,30480,15780,64970,10260,3300
24/10/2018,29950,15480,60460,10010,3300
25/10/2018,29480,15350,60460,9910,3280
26/10/2018,29900,15010,60460,9750,3220
29/10/2018,29790,14750,57610,9700,3220
30/10/2018,29580,14810,58800,9730,3220
31/10/2018,30160,15610,61770,10140,3440
01/11/2018,29320,15250,60280,9910,3320
05/11/2018,30060,15680,60760,10230,3430
06/11/2018,30530,15510,60520,10120,3390
07/11/2018,30000,15510,59270,10090,3390
09/11/2018,30000,15080,56420,9840,3370
12/11/2018,29690,14980,57370,10010,3430
13/11/2018,29630,14680,55770,9860,3430
14/11/2018,29320,14150,53570,9840,3420
15/11/2018,29000,14180,53690,9770,3480
16/11/2018,29370,14650,56420,9800,3560
19/11/2018,29260,15380,57250,10090,3560
20/11/2018,29160,15480,57080,10050,3580
21/11/2018,29900,15550,55770,10230,3560
22/11/2018,30000,15310,55350,10140,3510
23/11/2018,29580,14980,54940,9870,3500
26/11/2018,30160,15010,53930,9840,3530
27/11/2018,29790,14880,53810,9890,3540
28/11/2018,29420,15180,54340,9980,3580
29/11/2018,29370,15250,53510,10010,3560
30/11/2018,29210,15350,53930,10090,3580
03/12/2018,29850,16110,57610,10490,3750
04/12/2018,30690,15950,57310,10420,3730
06/12/2018,30380,15980,56480,10400,3690
07/12/2018,30060,16050,57200,10490,3730
10/12/2018,30060,15410,58030,10350,3670
11/12/2018,30000,15550,57080,10320,3650
12/12/2018,30320,15680,57610,10490,3710
13/12/2018,30690,15450,57670,10510,3710
14/12/2018,30320,14910,56900,10370,3620
17/12/2018,29630,14450,55240,10100,3390
18/12/2018,29260,14310,55530,9980,3320
19/12/2018,29050,13610,54640,9940,3330
20/12/2018,28950,13480,55530,9960,3370
21/12/2018,29050,13910,54460,9860,3370
24/12/2018,28630,13580,52860,9550,3290
25/12/2018,27520,13140,50960,9500,3160
26/12/2018,27360,12880,49300,9430,3070
27/12/2018,27780,12910,51380,9550,3080
28/12/2018,27840,12880,51430,9430,3090
02/01/2019,26830,12680,51550,9380,3110
03/01/2019,26040,12080,50300,9200,3060
04/01/2019,25850,12240,50190,9200,3070
07/01/2019,26060,12110,51260,9220,3140
08/01/2019,25980,11940,52440,9090,3160
10/01/2019,26880,12580,54220,9040,3020
11/01/2019,26780,12540,54050,9250,3090
14/01/2019,26560,12540,53160,9130,3010
15/01/2019,26720,12610,53630,9200,3000
16/01/2019,26460,12480,53810,9110,2970
17/01/2019,26040,12310,52860,8920,2940
18/01/2019,25930,12140,52860,8900,2940
21/01/2019,25450,12980,53750,9060,3040
22/01/2019,25510,13040,53280,9040,3040
23/01/2019,25590,13310,53450,9010,3030
24/01/2019,25720,13640,53330,9040,3020
25/01/2019,25660,13480,53160,9270,3050
28/01/2019,24870,13580,53160,9220,3030
29/01/2019,24340,13850,52210,9270,3050
30/01/2019,24240,13640,52260,9200,3030
31/01/2019,24340,13140,52150,9240,3030
01/02/2019,24130,13410,52260,9240,3010
12/02/2019,25510,13910,54050,9610,3240
13/02/2019,26880,13910,55240,9620,3250
14/02/2019,26670,13910,54940,9590,3250
15/02/2019,26780,13880,55830,9500,3210
18/02/2019,26460,13950,57730,9590,3240
19/02/2019,26040,13680,57020,9640,3240
20/02/2019,26350,13740,57020,9730,3270
21/02/2019,26190,13610,57730,9870,3280
22/02/2019,25930,14080,58980,10000,3280
25/02/2019,25610,14210,58920,10120,3370
26/02/2019,26460,14250,58140,10090,3360
27/02/2019,27780,14110,58500,10000,3320
28/02/2019,28050,13880,58320,9870,3290
01/03/2019,28580,13880,59390,9980,3300
04/03/2019,28100,14150,61170,10230,3350
05/03/2019,28580,14180,61770,10190,3320
06/03/2019,28200,14210,61770,10190,3330
07/03/2019,28580,14350,61170,10170,3420
12/03/2019,28050,14750,60520,10190,3330
13/03/2019,28100,15050,60340,10400,3460
14/03/2019,28680,15050,60700,10460,3450
15/03/2019,28580,15150,61550,10440,3380
18/03/2019,27940,15610,63000,10330,3400
19/03/2019,27090,15410,62700,10230,3260
20/03/2019,27410,15350,61910,10100,3270
21/03/2019,26460,14750,59970,9660,3110
22/03/2019,26560,15010,60520,9730,3140
25/03/2019,25720,14780,59490,9480,3120
26/03/2019,25660,14910,58820,9590,3140
27/03/2019,25720,15010,58880,9590,3170
28/03/2019,25690,15110,59730,9570,3180
29/03/2019,25690,14980,59490,9620,3160
01/04/2019,26300,14850,61000,9800,3160
03/04/2019,25880,14550,61490,9680,3160
04/04/2019,25930,14680,61370,9660,3170
09/04/2019,26410,14780,63610,9910,3200
17/04/2019,25430,14310,64700,9400,3030
18/04/2019,24770,14010,63970,9200,3030
19/04/2019,24870,13880,64340,9200,3000
22/04/2019,24690,13680,65790,8920,2920
23/04/2019,24870,13910,67970,8900,2980
24/04/2019,24870,14280,67970,9090,3000
25/04/2019,24660,14050,68460,9020,3000
26/04/2019,25080,14180,68330,9130,3000
03/05/2019,24790,13950,68150,9160,2950
06/05/2019,24080,13640,65370,8920,2950
07/05/2019,24180,13610,65730,8810,2980
08/05/2019,23630,13640,66030,8740,2980
09/05/2019,23650,13410,64580,8700,3060
13/05/2019,23630,13640,64580,8920,3110
14/05/2019,23580,13710,66030,8860,3100
15/05/2019,24080,14110,66640,9110,3110
16/05/2019,24450,14080,66700,9040,3090
17/05/2019,24340,14150,66760,9090,3140
20/05/2019,24000,14250,68460,9240,3140
21/05/2019,24690,14180,67550,9220,3130
22/05/2019,24500,14380,66940,9220,3140
23/05/2019,24420,14350,66090,9220,3120
24/05/2019,24020,14150,64519,9040,3080
27/05/2019,24480,14150,65239,8970,3080
06/06/2019,23760,13540,60460,8740,2970
11/06/2019,24600,13680,63000,8920,3000
12/06/2019,24800,13510,61490,8790,3010
13/06/2019,24600,13440,61490,8780,3030
14/06/2019,24380,13540,61790,8780,3030
17/06/2019,24430,13640,61730,8700,2960
18/06/2019,23760,13510,61490,8650,3000
19/06/2019,24040,13510,62820,8780,2990
20/06/2019,24040,14010,63490,8880,3020
21/06/2019,23930,14280,63910,8880,3030
24/06/2019,23870,14280,63310,8810,3020
25/06/2019,24210,14050,62700,8790,3010
26/06/2019,24040,13950,63430,8780,3000
27/06/2019,24040,13780,59370,8700,2980
28/06/2019,23820,13010,59060,8780,2990
01/07/2019,24040,13910,62820,8850,3000
03/07/2019,24210,14050,62400,8790,2940
05/07/2019,25500,14110,62760,8970,2970
08/07/2019,25270,13950,62400,8880,2960
10/07/2019,25940,14010,64090,8810,2940
11/07/2019,25890,14380,64340,8880,2940
15/07/2019,27960,14350,64220,8850,2910
16/07/2019,28230,14480,64459,8850,2940
17/07/2019,28010,14610,65970,9130,2980
26/07/2019,27790,14150,65430,8630,2900
29/07/2019,27280,13950,67240,8530,2890
30/07/2019,26750,13810,66030,8260,2880
31/07/2019,27120,13850,66090,8210,2880
01/08/2019,27230,13610,65610,8240,2870
05/08/2019,26840,13580,63000,7890,2870
07/08/2019,27510,13480,60880,7500,2850
08/08/2019,29240,13640,61190,7500,2840
13/08/2019,28230,13740,60580,7730,2820
14/08/2019,28180,13680,61120,7710,2820
15/08/2019,28230,13610,61120,7730,2850
16/08/2019,28900,13680,61120,7870,2860
19/08/2019,28510,13680,61670,7860,2860
20/08/2019,29020,13740,62400,7820,2850
21/08/2019,28400,13850,63730,7960,2830
22/08/2019,28290,13740,63370,7930,2840
23/08/2019,28350,13680,63000,7890,2800
26/08/2019,28180,13540,61490,7640,2780
27/08/2019,27510,13540,61730,7570,2710
28/08/2019,27000,13510,61970,7560,2730
29/08/2019,26640,13480,62280,7480,2720
30/08/2019,27960,13480,62350,7610,2720
04/09/2019,27450,13340,62220,7570,2680
05/09/2019,27960,13310,62280,7540,2670
09/09/2019,27680,13310,62040,7400,2680
10/09/2019,27230,13180,61540,7320,2670
12/09/2019,28070,13440,61540,7380,2720
13/09/2019,28070,13910,62590,7560,2730
16/09/2019,28960,13850,64080,7590,2740
18/09/2019,29800,13880,64450,7640,2720
19/09/2019,29630,14180,64330,7700,2720
20/09/2019,29520,14080,63710,7590,2710
23/09/2019,28790,14010,64140,7560,2710
24/09/2019,28900,13850,64140,7660,2710
25/09/2019,29350,13880,63460,7660,2710
26/09/2019,29070,14110,64450,8020,2770
27/09/2019,28290,14110,65069,8210,2830
30/09/2019,28630,14110,65880,8140,2810
01/10/2019,28900,14210,65820,8189,2750
04/10/2019,29740,13740,62280,7980,2740
07/10/2019,29910,13710,62410,7800,2720
09/10/2019,30640,14210,62160,7870,2710
10/10/2019,30640,14110,62660,7870,2710
14/10/2019,29910,14480,63210,8039,2620
15/10/2019,30190,14480,62720,7980,2680
16/10/2019,30020,14610,62720,7970,2680
17/10/2019,30080,14610,62590,7890,2660
18/10/2019,29860,14410,62590,7800,2640
21/10/2019,29410,14180,62720,7690,2670
22/10/2019,30080,14410,62840,7730,2670
23/10/2019,29740,14310,62720,7690,2670
24/10/2019,29580,14350,63460,7870,2670
25/10/2019,29740,14680,63520,7870,2620
28/10/2019,29690,14680,63770,7860,2640
29/10/2019,29630,14710,63340,7820,2640
30/10/2019,29860,14780,63960,7890,2640
31/10/2019,29690,14680,64140,7890,2640
01/11/2019,29630,14880,64760,7950,2660
04/11/2019,29410,14980,65379,8039,2670
06/11/2019,29910,14880,65570,8020,2680
07/11/2019,29860,14850,65760,8150,2740
11/11/2019,29460,14650,64640,8020,2760
12/11/2019,29300,14680,65069,8000,2750
13/11/2019,28960,14580,65069,8000,2740
14/11/2019,28850,14410,66000,7930,2740
15/11/2019,29520,14480,66930,7800,2760
18/11/2019,29240,14280,67240,7760,2720
19/11/2019,30190,14350,66620,7800,2730
20/11/2019,30420,14210,65069,7730,2720
21/11/2019,30140,14210,64519,7540,2720
22/11/2019,29130,14080,63900,7430,2720
25/11/2019,29300,14110,63900,7480,2710
26/11/2019,29350,14150,63210,7390,2720
27/11/2019,29180,14050,63210,7340,2710
28/11/2019,28850,13640,62470,7340,2700
29/11/2019,29130,13640,62280,7320,2690
02/12/2019,29020,13210,60740,7210,2690
03/12/2019,28460,13080,60240,7130,2680
04/12/2019,28920,13640,61540,7320,2690
06/12/2019,28140,13540,60740,7210,2690
09/12/2019,27350,13440,61850,7240,2690
11/12/2019,27240,13240,60800,7020,2700
12/12/2019,28520,13440,60670,7170,2810
13/12/2019,27880,13740,60740,7100,2790
16/12/2019,27820,13540,60860,7040,2790
17/12/2019,27580,13510,60420,6890,2810
18/12/2019,26940,13440,59180,6800,2820
19/12/2019,27120,13440,59370,6690,2830
20/12/2019,27410,13580,59500,6760,2820
23/12/2019,27410,13710,59370,6780,2820
24/12/2019,27180,13740,59680,6780,2800
25/12/2019,27150,13740,60050,6730,2810
26/12/2019,27320,13740,59620,6750,2800
27/12/2019,26860,13780,60120,6690,2800
30/12/2019,26510,14050,59740,6710,2790
31/12/2019,26300,13950,58070,6670,2800
06/01/2020,26010,14250,60610,6730,2780
07/01/2020,26010,14480,60180,6750,2780
09/01/2020,26190,14980,59000,6640,2770
10/01/2020,26650,15710,59430,6760,2780
13/01/2020,26190,15480,59060,6760,2780
14/01/2020,26480,15680,58810,6800,2770
15/01/2020,26480,15750,58260,6800,2760
16/01/2020,26360,16610,57820,7060,2800
17/01/2020,26600,16650,57760,7120,2810
20/01/2020,26420,16750,57880,7120,2810
21/01/2020,26420,16880,58810,7120,2820
22/01/2020,26420,17080,58810,7130,2940
30/01/2020,25900,16250,57020,6840,2910
31/01/2020,24730,16280,53610,6540,2860
03/02/2020,24560,16780,51560,6300,2720
06/02/2020,24440,18520,53240,6540,2740
07/02/2020,24150,17950,53300,6540,2730
10/02/2020,23660,17750,53790,6490,2690
11/02/2020,23630,18520,53050,6450,2750
12/02/2020,24040,18150,53300,6580,2780
13/02/2020,23920,18180,54230,6510,2750
14/02/2020,23800,17880,54850,6580,2760
17/02/2020,24150,17720,54100,6520,2780
18/02/2020,25610,17820,53300,6490,2760
19/02/2020,25490,18020,52860,6510,2760
20/02/2020,25780,17950,52860,6510,2740
21/02/2020,25900,17250,52930,6450,2730
24/02/2020,24440,16280,52000,6010,2630
25/02/2020,24680,17420,51440,6060,2660
26/02/2020,24270,17220,49520,5950,2650
27/02/2020,24330,17480,48960,6100,2660
28/02/2020,23800,17180,46980,5880,2620
02/03/2020,23570,17020,48960,5840,2620
03/03/2020,24090,17650,49580,5900,2680
04/03/2020,24330,17650,48400,6010,2670
06/03/2020,24410,17220,48030,6170,2670
09/03/2020,22730,16010,44680,5750,2620
11/03/2020,22930,15480,39540,5360,2800
12/03/2020,21470,14550,36810,5010,2600
13/03/2020,21530,14650,35330,4920,2590
16/03/2020,20950,13680,36750,4920,2570
17/03/2020,21240,14010,37060,5250,2570
18/03/2020,21420,13980,35940,5060,2530
19/03/2020,20980,13410,34270,5060,2520
20/03/2020,20780,13210,35880,5120,2470
23/03/2020,19350,12310,33400,4770,2300
24/03/2020,19500,12210,34830,4620,2240
25/03/2020,20460,13040,37250,4930,2280
26/03/2020,20540,12540,36380,4790,2240
27/03/2020,20370,12680,36070,4570,2230
30/03/2020,19990,11810,33840,4250,2210
31/03/2020,19760,11480,33960,4290,2210
03/04/2020,20950,12540,36690,4900,2170
06/04/2020,22080,13410,39040,5230,2220
08/04/2020,23280,13140,38860,5300,2140
09/04/2020,23690,13210,41520,5660,2240
13/04/2020,23020,13080,42140,5640,2210
14/04/2020,22960,12810,41520,5660,2190
15/04/2020,23690,13240,41280,5720,2210
16/04/2020,24620,13210,41770,5720,2280
17/04/2020,26190,13410,41960,5830,2380
20/04/2020,26070,13240,42640,5870,2290
21/04/2020,25020,12540,39970,5510,2140
22/04/2020,25870,12840,39350,5700,2170
23/04/2020,26220,12810,40340,5700,2160
24/04/2020,26420,12810,40340,5680,2120
27/04/2020,26600,12580,39790,5620,2130
28/04/2020,26890,12710,38920,5550,2110
29/04/2020,27470,13340,39290,5570,2130
05/05/2020,27360,13240,40590,5420,2080
06/05/2020,26960,13480,42510,5550,2120
08/05/2020,27090,13950,43130,5790,2170
11/05/2020,27360,14180,45240,6070,2290
13/05/2020,28880,14450,44870,6020,2340
14/05/2020,28450,14250,44310,6110,2380
15/05/2020,28240,13950,43940,5980,2320
18/05/2020,28420,14250,45550,6070,2330
19/05/2020,28450,14880,46360,6130,2370
20/05/2020,28450,14880,45980,6130,2370
21/05/2020,28300,15310,46480,6150,2350
22/05/2020,28420,15210,45800,6130,2410
25/05/2020,28580,15380,45680,6240,2460
26/05/2020,29550,15450,46420,6580,2560
27/05/2020,29400,14950,46480,6390,2480
28/05/2020,29060,15050,45800,6370,2480
29/05/2020,29000,15010,46110,6350,2480
01/06/2020,28940,15680,46670,6520,2530
02/06/2020,28880,15650,47350,6450,2510
03/06/2020,29000,16010,48340,6520,2520
04/06/2020,29910,16450,48340,6730,2640
05/06/2020,30820,16309,47720,6730,2670
08/06/2020,31980,16610,48960,6880,2720
10/06/2020,31370,16450,48340,6860,2670
11/06/2020,30700,15310,44990,6390,2530
15/06/2020,29670,14880,44680,6200,2370
16/06/2020,30220,15510,45300,6520,2540
17/06/2020,30220,15350,45180,6430,2540
18/06/2020,31310,15280,44740,6430,2510
19/06/2020,32830,15580,44990,6560,2570
22/06/2020,33440,15650,45300,6520,2570
23/06/2020,33260,15510,45800,6900,2680
24/06/2020,33140,15210,44990,6750,2630
25/06/2020,32830,15150,44870,6780,2640
26/06/2020,33140,15050,44740,6650,2650
29/06/2020,32100,14610,43200,6350,2560
30/06/2020,31550,14380,42760,6350,2560
01/07/2020,32710,14880,44000,6560,2570
02/07/2020,31700,14760,43690,6340,2540
03/07/2020,32750,14760,43570,6340,2530
06/07/2020,31700,15260,44870,6520,2570
07/07/2020,31700,15520,44870,6500,2560
08/07/2020,31760,15650,45180,6560,2550
09/07/2020,31760,15950,46600,6630,2590
10/07/2020,31520,15750,46050,6670,2560
13/07/2020,31820,15850,46420,6670,2590
14/07/2020,31580,15920,46940,6980,2620
15/07/2020,31290,15950,46870,6920,2600
16/07/2020,31580,15950,46940,6940,2590
17/07/2020,31880,15950,46740,6980,2580
20/07/2020,31400,15750,46090,6870,2570
21/07/2020,31700,15790,46160,6780,2560
22/07/2020,31280,15460,45640,6690,2520
23/07/2020,31280,15460,46220,6630,2540
24/07/2020,30090,14730,44400,6360,2420
27/07/2020,28010,13700,41610,5920,2260
28/07/2020,29910,14360,44080,6320,2350
29/07/2020,29080,13800,41280,6030,2290
30/07/2020,29440,14130,42580,6120,2310
31/07/2020,29260,14030,42580,6030,2260
03/08/2020,29800,14400,43690,6270,2290
04/08/2020,30090,14600,44270,6380,2320
05/08/2020,30690,14990,44600,6450,2340
06/08/2020,30570,14830,45180,6380,2310
07/08/2020,30930,15060,45640,6340,2310
10/08/2020,30930,15090,45830,6400,2320
11/08/2020,30810,15360,45510,6540,2350
12/08/2020,30810,15490,46290,6520,2360
13/08/2020,30930,15720,47200,6600,2370
14/08/2020,30810,15560,47000,6490,2340
17/08/2020,32360,15560,46810,6450,2340
18/08/2020,32180,15360,46740,6400,2300
19/08/2020,32240,15420,46870,6470,2340
20/08/2020,32950,15420,46160,6380,2320
21/08/2020,34090,16079,46810,6540,2340
24/08/2020,34440,16149,47460,6670,2390
25/08/2020,34030,16350,47980,6670,2390
26/08/2020,33970,16350,47780,6690,2410
27/08/2020,33970,16379,47460,6720,2410
28/08/2020,34150,16610,48240,6720,2460
31/08/2020,33370,17010,48170,6630,2430
01/09/2020,33910,17310,49020,6720,2460
03/09/2020,33790,17180,49280,6780,2460
04/09/2020,33610,17210,48500,6850,2480
07/09/2020,32780,16550,46810,6830,2460
08/09/2020,32950,16910,46810,7030,2500
09/09/2020,33670,16750,46610,7050,2500
10/09/2020,33550,16750,46810,7050,2520
11/09/2020,33490,16940,46680,7000,2520
14/09/2020,34260,16940,46420,7000,2560
15/09/2020,35580,16810,47000,7030,2580
16/09/2020,35220,16680,46810,7070,2560
17/09/2020,34920,16750,46610,7120,2560
18/09/2020,36350,17080,47130,7250,2620
21/09/2020,36350,17040,47330,7340,2650
22/09/2020,35990,17080,46740,7360,2690
23/09/2020,35870,17380,47260,7430,2730
24/09/2020,35870,17210,47780,7360,2720
25/09/2020,35870,17340,47520,7320,2710
28/09/2020,36050,17970,46940,7520,2780
29/09/2020,35340,17610,46480,7450,2730
30/09/2020,36290,17570,46350,7540,2730
01/10/2020,37060,17610,47070,7920,2880
02/10/2020,36830,17840,46740,7900,2880
05/10/2020,36890,18200,47130,8119,3070
06/10/2020,36590,18000,47130,8070,3110
07/10/2020,35870,17870,48170,7940,3100
08/10/2020,35680,17970,48500,7940,3100
09/10/2020,35550,18300,48300,8010,3220
20/10/2020,33740,21250,47200,8100,3230
28/10/2020,33680,19790,46740,7430,3000
29/10/2020,34050,19260,46160,7610,3030
30/10/2020,33930,19200,45770,7610,2990
02/11/2020,33930,20120,45310,7630,3090
03/11/2020,33620,19990,45640,7720,3100
04/11/2020,33870,20260,46740,7780,3200
05/11/2020,33490,20020,46480,7670,3170
06/11/2020,33430,20020,46030,7630,3180
09/11/2020,34050,20490,46420,7780,3240
10/11/2020,34990,20260,46940,7870,3460
11/11/2020,34490,20190,47590,7780,3500
12/11/2020,34180,20520,47720,7780,3500
13/11/2020,34180,21150,47780,7920,3500
16/11/2020,34490,21120,47130,7870,3430
17/11/2020,36240,21510,49080,8119,3480
18/11/2020,36490,21680,52010,8180,3580
19/11/2020,36360,22040,53370,8210,3520
20/11/2020,37120,21980,53180,8100,3460
23/11/2020,36990,21780,54280,8320,3480
24/11/2020,36620,21680,53630,8430,3460
25/11/2020,36550,21840,53760,8540,3480
26/11/2020,36430,22540,54150,8520,3520
27/11/2020,38050,22540,54280,8610,3680
30/11/2020,38050,22170,54280,8560,3690
01/12/2020,37930,22440,54280,8630,3810
09/12/2020,41550,22840,55970,10100,4059
10/12/2020,40930,22500,54870,10140,3960
11/12/2020,40300,23000,55970,10480,4120
14/12/2020,40240,23430,56560,11190,4400
15/12/2020,40430,23170,55520,11340,4630
16/12/2020,40360,23430,55780,11140,4620
17/12/2020,39680,22890,54670,11140,4570
18/12/2020,40180,23230,55190,11920,4880
21/12/2020,39800,23400,56100,12740,5210
08/01/2021,38990,25980,60260,15190,5980
11/01/2021,38740,25980,60660,14920,5720
12/01/2021,39300,25850,60850,15170,5990
21/01/2021,37490,24840,56880,15370,5850
22/01/2021,38990,25240,56300,15010,5650
25/01/2021,39620,24710,55060,14990,5640
26/01/2021,38860,23160,54150,14230,5270
27/01/2021,38430,21890,51360,13250,4910
28/01/2021,35740,20380,47780,12340,4570
29/01/2021,37240,20480,49600,12810,4740
01/02/2021,37490,21480,48890,11920,4420
02/02/2021,38490,22760,49730,12360,4650
03/02/2021,38740,23430,52010,13210,4970
04/02/2021,38810,23300,52660,13210,5150
05/02/2021,39260,24040,52790,14010,5320
08/02/2021,38680,22860,51360,13610,5250
09/02/2021,38810,23770,52850,14120,5480
17/02/2021,40030,24710,56490,14920,5660
18/02/2021,40680,24710,58570,14810,5560
19/02/2021,41320,24840,57790,14740,5580
22/02/2021,40940,24840,57340,14610,5520
23/02/2021,40550,24880,58120,14940,5570
24/02/2021,39580,25180,57270,14880,5620
24/02/2021,39580,25180,57270,14880,5620
25/02/2021,40030,25040,57990,14880,5630
26/02/2021,40680,25010,58050,14770,5600
01/03/2021,41070,25580,59740,15570,5900
02/03/2021,41900,25510,59160,15590,5860
03/03/2021,42100,25920,59160,15500,5830
04/03/2021,41000,25710,59090,14880,5600
05/03/2021,40420,25510,60140,14880,5560
08/03/2021,40030,25440,61760,14920,5800
09/03/2021,39580,24980,60920,14700,5710
10/03/2021,39900,25210,59810,14720,5800
11/03/2021,39900,25650,60260,15100,6020
12/03/2021,40160,25480,59220,14900,5940
15/03/2021,39970,25510,59220,14770,5880
16/03/2021,39580,25310,58700,14540,5760
17/03/2021,39390,26550,60330,14500,5810
18/03/2021,39390,27190,59680,14810,6020
19/03/2021,39260,27160,59090,14810,6210
22/03/2021,39000,27590,58830,14860,6140
23/03/2021,38870,27190,59680,14630,5970
06/04/2021,38740,28870,58310,15570,6730
07/04/2021,39780,28870,57920,15720,6870
08/04/2021,39710,28600,57860,15660,7170
16/04/2021,39130,28200,55910,15120,7580
19/04/2021,38810,28530,56690,15480,7640
20/04/2021,38740,28200,57210,15170,7400
22/04/2021,38100,26280,55780,14120,7170
23/04/2021,37970,27730,55910,14680,7440
26/04/2021,37970,26650,52980,14100,7130
27/04/2021,37770,26620,52980,14140,7190
28/04/2021,38220,26690,53240,14280,7310
06/05/2021,38350,28800,55190,14610,7870
07/05/2021,37840,29410,54610,14540,8090
10/05/2021,37520,30080,55910,15430,8500
11/05/2021,37580,29680,55450,15210,8300
12/05/2021,37710,30210,56170,15480,8520
13/05/2021,37970,31220,55650,15590,8460
14/05/2021,37970,31560,54670,15700,8400
17/05/2021,37890,31390,53630,15770,8360
18/05/2021,38220,31250,53310,15680,8420
19/05/2021,37890,32229,53050,16010,8770
20/05/2021,37490,32830,52530,17120,9120
21/05/2021,37690,32390,52660,17350,9080
24/05/2021,38290,34380,53310,17700,9240
25/05/2021,39080,34310,53890,18190,9340
26/05/2021,38880,34580,53240,18210,9340
27/05/2021,38290,33700,52070,17610,9080
28/05/2021,38820,34380,53310,18590,9430
31/05/2021,38480,35650,53700,19750,10180
01/06/2021,38290,35320,54410,19440,10390
02/06/2021,38620,34910,56820,20460,11410
03/06/2021,38150,35990,57400,21750,12540
04/06/2021,38020,36260,59420,21680,12380
07/06/2021,37960,34910,58960,20970,11680
08/06/2021,37560,32900,57270,19570,10740
09/06/2021,37490,33900,56820,20770,11800
10/06/2021,37760,33230,55970,20900,12340
11/06/2021,38290,35520,56560,22280,13030
17/06/2021,40670,33900,61040,22890,14370
18/06/2021,40340,34380,60260,22890,14300
21/06/2021,40140,33770,60460,22210,13750
22/06/2021,40270,34840,61700,22440,13780
23/06/2021,39540,35380,61040,22620,14040
24/06/2021,39280,35850,62280,22760,13980
25/06/2021,39410,36120,63710,24340,14730
28/06/2021,39810,36520,63710,24440,14890
29/06/2021,39280,36190,62370,24750,14800
30/06/2021,39280,35380,62370,24930,14530
01/07/2021,39010,35180,63170,26070,15190
02/07/2021,38950,35380,64780,26250,15840
05/07/2021,38150,34980,61700,25610,15550
06/07/2021,38020,32560,57540,23850,14010
07/07/2021,38150,33840,61360,24710,14570
08/07/2021,37890,33450,62370,24660,14270
09/07/2021,37760,32580,61500,23850,13680
12/07/2021,36430,30330,59020,22440,12370
13/07/2021,37030,29980,61360,23480,13000
14/07/2021,36500,29200,61230,23120,12730
15/07/2021,37420,30330,60690,24340,13490
16/07/2021,37620,30020,60360,23940,13390
19/07/2021,36760,27940,58140,22350,12370
20/07/2021,37420,28810,59690,23890,13550
21/07/2021,37160,28460,58610,23350,13550
22/07/2021,37290,29030,59950,23660,14140
23/07/2021,37360,28160,59020,22940,13650
26/07/2021,37620,27860,59220,23030,13720
27/07/2021,38350,28160,59690,23570,14240
28/07/2021,37760,28510,59750,23760,14270
29/07/2021,36960,29380,60020,24480,15020
30/07/2021,37230,29810,60090,24750,15090
02/08/2021,37890,29240,62700,24930,15060
03/08/2021,37620,29550,62370,25610,16340
04/08/2021,37620,29460,63040,25750,16300
05/08/2021,37620,29640,62900,26070,16760
06/08/2021,37620,29590,61970,25570,16400
09/08/2021,37560,29940,62370,26880,17020
10/08/2021,37890,30020,64379,26930,16790
11/08/2021,38290,29720,64040,26160,16370
12/08/2021,38220,29810,63370,26160,16239
13/08/2021,38150,29720,62370,26750,16830
16/08/2021,37960,30420,63170,28150,17380
17/08/2021,37620,29980,61970,27790,17250
18/08/2021,36960,29900,62100,27290,17450
19/08/2021,36960,29720,60960,28420,17710
20/08/2021,36630,28340,58680,28330,17350
23/08/2021,35440,28340,57540,28740,17450
24/08/2021,35110,28380,57670,27740,16370
25/08/2021,35500,27860,58540,28110,16860
26/08/2021,35440,27040,57880,27700,16630
27/08/2021,35370,26990,58340,27740,16560
07/09/2021,36430,28290,59480,27380,17020
08/09/2021,35700,27860,58880,29280,17190
09/09/2021,35700,28080,59420,29080,17320
10/09/2021,35700,27990,59420,28980,17580
13/09/2021,35840,27600,59420,28850,17710
14/09/2021,35700,27040,59690,28120,17380
15/09/2021,36100,26990,61360,28390,17510
16/09/2021,35900,27420,62100,28120,17250
17/09/2021,35700,27560,61630,28450,17770
20/09/2021,35640,27600,59550,28320,17550
21/09/2021,36030,27300,59150,27860,17320
22/09/2021,35770,27170,59280,27660,17480
23/09/2021,35700,27380,60760,27730,17550
24/09/2021,35500,27470,61030,27660,17220
27/09/2021,35240,26860,60360,26470,16430
28/09/2021,35170,26820,63780,26870,16860
29/09/2021,34970,26340,64920,26540,16630
30/09/2021,34970,26340,65050,26900,16700
01/10/2021,35040,25780,69410,25940,16200
04/10/2021,34380,24870,69740,25540,15880
05/10/2021,34310,25560,73100,26730,16560
11/10/2021,35110,26860,75440,27730,17120
12/10/2021,35110,26690,75110,27400,16990
13/10/2021,35110,26600,74440,27130,16790
14/10/2021,35170,26520,74640,27130,16790
15/10/2021,35170,26560,75110,26960,16860
18/10/2021,35170,26170,78130,27030,17380
19/10/2021,34970,26260,76790,27060,17550
20/10/2021,35300,26000,76790,26670,17350
21/10/2021,36760,25780,75240,26270,17350
22/10/2021,36230,25690,75180,25940,17090
25/10/2021,36630,25910,75110,25340,16560
26/10/2021,37690,25910,76320,25680,16760
27/10/2021,37690,26950,81610,26730,17510
04/11/2021,41200,28250,78530,28450,20920
05/11/2021,41660,28340,82080,28390,21080
08/11/2021,41730,28420,82490,29450,22160
09/11/2021,41130,28550,79940,29310,22750
10/11/2021,41400,28160,80740,29580,22720
11/11/2021,41400,27680,79800,29220,22460
12/11/2021,40940,28340,79200,29510,22880
15/11/2021,39150,28160,79740,30310,22980
16/11/2021,39740,28080,78260,29610,22750
17/11/2021,39480,27940,78730,30340,24320
18/11/2021,39480,27860,76320,32460,25400
19/11/2021,39350,28420,71090,32090,24550
22/11/2021,38750,29900,68470,32159,24720
23/11/2021,39540,29550,70150,34410,26420
24/11/2021,39150,30680,69070,35200,26650
25/11/2021,40070,30460,69680,36400,26550
26/11/2021,39740,29720,68400,35400,25530
29/11/2021,39150,29680,66660,36590,26160
30/11/2021,39740,29070,65920,36990,25860
01/12/2021,39350,29460,66060,36530,25530
02/12/2021,38880,29290,65990,35730,25440
03/12/2021,38420,28600,64780,33420,23900
06/12/2021,37090,27820,61700,33750,24190
07/12/2021,38090,28340,64720,34540,24450
08/12/2021,38420,28600,65860,34280,24850
09/12/2021,38880,29240,66190,35600,26160
10/12/2021,38680,29070,64780,35070,25860
13/12/2021,38480,29030,65720,35340,26350
14/12/2021,39740,28760,65860,34870,26420
15/12/2021,39880,28630,65519,34210,25860
16/12/2021,39610,28850,66120,33680,25210
17/12/2021,40070,29250,66390,34740,26190
20/12/2021,41200,28810,64849,35400,27890
21/12/2021,41200,28410,63040,34740,27760
22/12/2021,40400,28100,63840,33810,27270
23/12/2021,38750,28580,63840,32420,25800
24/12/2021,38750,29210,64180,32460,26160
27/12/2021,39350,29650,64310,32520,26190
28/12/2021,39680,30090,65790,32290,25700
29/12/2021,38950,30320,65050,32850,25860
30/12/2021,39410,30010,65050,34810,27100
31/12/2021,39680,30090,64510,34280,26840
04/01/2022,39080,30850,68340,35070,27170
05/01/2022,39010,30850,70420,34940,26880
06/01/2022,38750,30180,69540,34340,26580
07/01/2022,38680,29470,72090,34150,26190
10/01/2022,38550,29560,68400,32790,25270
11/01/2022,38290,29300,69280,31830,23900
12/01/2022,38420,30320,72430,33420,25010
13/01/2022,39150,31200,70420,32330,23860
14/01/2022,39050,31470,70750,32229,23570
17/01/2022,37830,31070,70150,29980,21930
18/01/2022,37760,30670,71760,27990,20430
19/01/2022,38570,30010,71760,29910,21830
20/01/2022,39390,31160,72830,30240,22190
21/01/2022,38980,31560,72030,29480,21540
24/01/2022,38780,31650,71820,27430,20030
25/01/2022,38640,32850,73430,28320,20520
26/01/2022,39930,33420,75240,28090,20590
27/01/2022,40330,32759,74980,28720,21280
28/01/2022,41620,32759,73100,29810,22590
07/02/2022,42230,32220,76920,30340,23040
08/02/2022,40600,32400,76450,30210,22910
09/02/2022,41010,32270,73770,30240,23570
10/02/2022,40940,32619,75110,29840,23240
11/02/2022,40600,32670,74440,29840,23400
14/02/2022,39790,30720,77790,28850,22260
15/02/2022,39860,31030,78730,29250,23010
16/02/2022,39930,30760,76790,29710,23400
17/02/2022,40130,30980,79600,29780,23270
18/02/2022,41620,30720,78460,29910,23600
21/02/2022,42840,30540,77660,30440,24580
22/02/2022,43450,30720,78130,29780,24060
23/02/2022,44330,30940,78460,29980,24360
23/02/2022,44330,30940,78460,29980,24360
24/02/2022,43380,30050,79800,29510,24880
25/02/2022,43510,30050,78600,30240,25570
28/02/2022,43380,29430,79130,30240,25800
01/03/2022,42840,29560,78930,30440,25700
02/03/2022,41140,28410,79940,29640,24850
03/03/2022,42090,28940,80940,30110,25140
04/03/2022,42300,29070,79130,30840,25210
07/03/2022,41080,28540,83560,30970,24910
08/03/2022,40470,28450,80940,31100,24550
09/03/2022,41620,28410,81950,30840,24060
10/03/2022,41280,28500,79470,30840,25700
11/03/2022,40470,28630,75710,29780,26220
14/03/2022,39930,28320,71090,28590,25620
15/03/2022,40600,28360,72430,28650,26300
16/03/2022,40470,28410,73230,28980,26260
17/03/2022,40540,29030,71090,28980,25900
18/03/2022,40060,29120,73030,28980,25780
21/03/2022,39990,29160,76450,29310,25820
22/03/2022,39990,29300,77120,29350,25940
23/03/2022,40330,29160,75310,29250,25780
24/03/2022,41280,28900,75310,28980,25420
25/03/2022,41820,28580,74240,28750,25090
28/03/2022,40940,28230,74100,27960,24370
29/03/2022,41080,28410,75040,28220,24930
30/03/2022,40940,28450,73840,27990,24970
31/03/2022,41550,28810,72630,27790,24610
01/04/2022,44120,29340,73570,28390,25580
04/04/2022,43720,29160,75380,29780,27350
05/04/2022,42970,28720,76650,29310,27920
06/04/2022,42840,28940,76250,29510,28640
07/04/2022,43040,28900,75650,29150,28240
08/04/2022,41750,28450,73900,28450,28320
12/04/2022,41480,27520,73030,27660,26630
13/04/2022,41820,27960,73840,28160,28480
14/04/2022,42770,27700,74840,27790,27880
15/04/2022,43180,27520,77190,26470,27190
18/04/2022,42770,25920,77320,24820,25980
19/04/2022,42900,25520,76380,23160,24210
20/04/2022,42500,25480,71490,23290,24450
21/04/2022,42500,25740,70420,23860,26100
22/04/2022,42230,26100,75310,23860,25540
25/04/2022,39860,24280,70080,22200,23760
26/04/2022,40600,24550,73100,22830,25420
27/04/2022,40670,25120,74440,22760,25170
28/04/2022,41620,25030,72230,22170,24530
29/04/2022,41690,24640,71090,22200,25010
04/05/2022,41080,23970,72430,21180,24210
05/05/2022,40330,24770,73370,20510,23400
06/05/2022,39590,23970,73640,19090,21790
09/05/2022,37560,22330,70350,17770,20290
10/05/2022,38300,22370,72430,18460,20620
11/05/2022,38550,23700,73030,18330,20410
12/05/2022,37780,22190,70820,17070,19000
13/05/2022,36950,21220,67060,17070,17710
16/05/2022,36740,21790,63710,18070,18280
17/05/2022,37440,23300,67670,19290,19530
18/05/2022,38410,23610,70420,18960,19970
19/05/2022,38060,23170,70950,18860,20330
20/05/2022,37990,22990,70080,18830,19850
23/05/2022,38410,22190,69410,17540,18800
24/05/2022,38830,23080,70950,18590,19360
25/05/2022,39590,23880,72700,19060,20010
26/05/2022,41110,23700,72160,19490,20050
27/05/2022,41110,23970,73770,19790,20140
30/05/2022,41110,24240,73770,19790,20550
31/05/2022,41460,24770,78930,19620,20790
01/06/2022,41460,24640,81150,19550,20960
02/06/2022,41390,24640,79740,19190,20460
03/06/2022,41390,24320,83290,19360,20050
06/06/2022,41040,24150,87110,19190,19850
07/06/2022,40560,24320,87180,18660,19680
08/06/2022,41040,24590,86440,19390,20340
09/06/2022,41390,24590,85570,19190,20550
10/06/2022,40560,24060,79600,18430,19760
13/06/2022,38830,22420,79130,17170,18400
14/06/2022,37850,22420,84500,16110,17210
15/06/2022,36610,21750,83160,14990,16020
16/06/2022,38830,21930,85840,14660,14950
17/06/2022,37780,20910,89860,13630,13920
20/06/2022,37440,20060,83630,12700,12970
21/06/2022,37370,20460,80140,12110,13090
22/06/2022,37440,20950,74570,12960,14000
23/06/2022,37370,22420,78330,13550,13960
24/06/2022,37440,21970,76450,13620,14160
27/06/2022,38480,22730,76720,14540,15150
28/06/2022,38130,23700,77790,14360,15070
29/06/2022,38960,23840,78460,14470,15280
30/06/2022,40000,23210,77460,13770,14330
01/07/2022,39660,23920,75780,14430,15320
04/07/2022,39590,23610,74810,14800,15810
05/07/2022,39240,23970,70960,14430,15320
06/07/2022,39520,22950,66000,13920,14490
07/07/2022,39450,23350,64819,13990,14580
08/07/2022,39450,22990,65860,14940,15110
11/07/2022,38060,22640,65379,15130,14700
12/07/2022,38480,22820,68200,15310,15070
13/07/2022,38480,23570,66340,15160,15240
14/07/2022,38830,23970,68060,15750,15890
15/07/2022,38830,23970,67170,15460,15560
18/07/2022,38830,23880,67170,15310,15650
19/07/2022,38550,23570,70200,15130,15440
20/07/2022,39520,24010,70960,15600,15810
21/07/2022,39860,24410,71710,15600,15770
22/07/2022,40210,23880,74260,15310,15600
25/07/2022,40840,23610,72130,14980,15440
26/07/2022,40900,23570,72130,14830,14990
27/07/2022,40770,23970,72130,14940,14990
28/07/2022,40490,24500,73230,15490,15520
29/07/2022,41530,24150,74060,15640,15730
01/08/2022,42640,25480,74330,16700,16800
02/08/2022,42150,25390,74540,16990,17090
03/08/2022,43610,25830,77150,17250,17420
04/08/2022,43610,25610,75090,17250,17460
05/08/2022,43610,25740,75430,18170,18120
08/08/2022,43050,25740,76470,18060,18240
09/08/2022,43680,25570,77150,18170,18570
10/08/2022,43960,25260,76400,17980,18280
11/08/2022,44020,25300,77840,17870,18080
12/08/2022,46450,25430,78810,18240,18530
15/08/2022,46590,26140,78530,18130,18490
16/08/2022,45900,25920,78190,18020,18490
17/08/2022,45060,25830,77430,17980,18320
18/08/2022,45340,25520,78330,18390,18530
19/08/2022,44440,25080,79630,18420,18650
22/08/2022,45060,24860,79150,18090,18280
23/08/2022,45410,24860,80600,18600,18740
24/08/2022,44650,25030,80810,18500,18610
25/08/2022,44020,25480,80250,18680,18900
26/08/2022,44580,25260,79360,18170,18450
29/08/2022,44160,24770,80940,17870,18280
30/08/2022,45060,25210,81910,17540,17870
31/08/2022,45060,25080,80670,17580,17870
05/09/2022,45410,24810,80190,17360,17620
06/09/2022,45060,25080,80250,17400,17620
07/09/2022,42980,24280,77150,16520,16470
08/09/2022,42430,23840,77020,16149,16470
09/09/2022,42920,23840,78530,16260,16800
12/09/2022,42710,24010,78330,16000,16550
13/09/2022,43330,24410,78670,15860,16350
14/09/2022,43120,23970,77500,16079,16470
15/09/2022,43610,23880,77020,15860,16300
16/09/2022,43190,23260,76470,15490,15650
19/09/2022,42360,22640,74400,14580,14700
20/09/2022,42360,23080,75160,15160,15480
21/09/2022,42430,22680,75090,15050,15240
22/09/2022,41810,22550,76470,15460,15650
23/09/2022,41530,22190,77500,15130,15280
26/09/2022,40560,20860,78260,14280,14370
27/09/2022,40900,20820,76810,14320,14410
28/09/2022,39860,20680,71640,14470,14660
29/09/2022,39860,20060,72330,14140,14330
30/09/2022,39930,20600,75780,14500,14410
03/10/2022,38200,19180,73710,13510,13420
04/10/2022,38130,18420,73020,13040,12680
05/10/2022,38890,19530,73710,13660,13500
06/10/2022,39240,19000,73640,12740,12600
07/10/2022,38830,17710,70270,12310,11740
10/10/2022,39450,18380,73020,12740,12060
11/10/2022,37780,17580,73090,11870,11240
12/10/2022,39170,18780,73710,12640,11490
13/10/2022,40350,19890,74400,12820,11450
14/10/2022,41110,20150,75640,13110,11940
17/10/2022,40840,20020,76810,13180,11940
18/10/2022,41940,20420,76470,13040,12020
19/10/2022,41670,20600,75160,12930,11980
20/10/2022,42220,20640,76400,12740,11650
21/10/2022,41460,19220,73850,11870,10870
24/10/2022,41460,18640,73850,11060,10130
25/10/2022,41880,19930,73850,11020,9430
26/10/2022,43120,19890,74400,10880,8770
27/10/2022,46110,21260,75780,11610,9350
28/10/2022,45380,21350,75090,11650,9640
31/10/2022,44580,21840,76530,11940,9470
01/11/2022,47650,21700,75780,12420,9720
02/11/2022,45820,21310,75780,12090,9960
03/11/2022,44940,20950,76740,12090,9840
04/11/2022,44580,21750,76470,11240,9220
07/11/2022,41510,20730,77770,10480,8610
08/11/2022,38730,21170,78810,10990,8770
09/11/2022,40560,21700,80190,10910,8610
10/11/2022,37780,20200,78120,10180,8000
11/11/2022,38150,20950,78460,10330,8070
14/11/2022,38370,21220,78390,10440,8520
15/11/2022,38000,20770,76810,10180,8150
16/11/2022,39460,22020,80600,10880,8690
17/11/2022,40490,22190,82460,11570,9140
18/11/2022,39240,21930,78740,11900,9140
21/11/2022,39390,21400,76670,11790,9310
22/11/2022,40050,21220,75230,11980,9310
23/11/2022,38370,21660,74540,11570,8730
24/11/2022,38000,21840,72880,11720,8690
25/11/2022,39460,22900,72190,12520,9260
28/11/2022,40190,24240,77220,13370,9880
29/11/2022,40560,24320,77150,13880,10540
30/11/2022,43340,24190,75920,14100,11200
01/12/2022,42750,23210,73370,13330,10710
02/12/2022,41660,24810,76600,14250,11450
05/12/2022,41950,25390,77980,15240,12230
06/12/2022,40270,23970,75430,14320,11780
07/12/2022,41360,24280,73570,14100,11780
08/12/2022,42820,24680,73020,15050,12600
09/12/2022,42820,24900,73020,14830,12760
12/12/2022,41360,24370,72330,14030,11900
13/12/2022,41510,24990,72750,14940,12720
14/12/2022,41870,24770,74060,14720,12850
15/12/2022,42680,25080,73230,14830,13090
16/12/2022,43120,24900,73300,15020,13220
19/12/2022,43850,24460,72470,15020,12760
20/12/2022,42970,24860,72190,14500,12520
21/12/2022,43410,24410,71300,14140,12060
22/12/2022,43920,24500,69720,13990,11980
23/12/2022,44290,24550,69920,13400,11530
26/12/2022,43630,23130,70680,12490,10750
27/12/2022,44140,23610,71020,13330,11490
28/12/2022,44650,24100,70960,13300,11610
29/12/2022,43920,23970,70680,12890,11120
30/12/2022,43850,24190,69920,12960,11120
03/01/2023,45090,24860,72330,13840,11860
04/01/2023,44430,25300,72330,13920,11820
05/01/2023,44580,25300,73440,14140,12020
06/01/2023,44580,25390,72130,13840,11780
09/01/2023,45090,25830,71990,13920,11860
10/01/2023,45020,25340,72060,13840,11860
11/01/2023,44290,25830,71780,14140,12150
12/01/2023,44140,25660,72330,14140,12110
13/01/2023,44290,25830,71990,14060,12270
16/01/2023,45310,26630,70960,14210,12350
17/01/2023,47140,27160,71780,14940,13090
18/01/2023,46400,27300,71850,15050,13300
19/01/2023,46330,27610,71990,15530,13790
27/01/2023,46700,26940,74540,15350,13420
30/01/2023,49110,26410,73440,15380,13380
31/01/2023,47500,27080,73230,15820,13630
01/02/2023,45020,25740,73440,14760,12680
02/02/2023,43850,25920,73710,14760,12440
03/02/2023,43560,25790,72470,14470,12440
06/02/2023,42750,26540,73020,14650,12480
07/02/2023,43340,25920,73230,13950,11820
08/02/2023,44580,26540,73920,14280,12020
09/02/2023,44430,26100,74470,14170,11860
10/02/2023,43850,25830,73090,13920,11530
13/02/2023,43260,25880,72950,13550,11080
14/02/2023,45310,25480,72750,13840,11450
15/02/2023,45310,25660,73780,13990,11530
16/02/2023,45670,26370,74330,14280,12020
17/02/2023,44430,26320,73850,14250,11900
20/02/2023,44720,27030,75090,15200,12720
21/02/2023,45160,26500,74610,14980,12480
22/02/2023,44580,25660,73710,14140,11780
22/02/2023,44580,25660,73710,14140,11780
23/02/2023,44500,25740,72880,14430,11940
24/02/2023,43920,25080,73370,13920,11530
27/02/2023,43700,24460,71640,13370,11040
28/02/2023,43700,24320,71300,13370,11080
01/03/2023,44720,25080,72400,13880,11740
02/03/2023,44430,24680,72330,13660,11450
03/03/2023,43770,24680,71990,13510,11200
06/03/2023,43630,25170,71440,13730,11410
07/03/2023,43850,25740,71990,14210,11690
08/03/2023,43920,26100,72950,14500,12110
09/03/2023,43480,26100,73570,14500,12110
10/03/2023,43190,25920,73710,14500,11940
13/03/2023,42750,26010,74470,14390,11940
14/03/2023,42240,25740,74190,13950,11530
15/03/2023,42750,26190,73710,14910,12310
16/03/2023,41730,25700,72060,14760,12190
17/03/2023,41950,25740,71440,14870,12350
20/03/2023,41950,24860,70960,14280,11820
21/03/2023,42170,25120,71090,14650,12190
22/03/2023,42600,25300,70890,14540,12190
23/03/2023,42460,25480,70610,14910,12480
24/03/2023,42020,25300,70540,14980,12600
27/03/2023,42900,25520,70270,15380,12720
28/03/2023,42680,25660,71440,15240,12560
29/03/2023,42600,25740,70820,15420,12680
30/03/2023,42460,25740,70540,15350,12560
31/03/2023,42680,25920,70270,15750,12760
03/04/2023,42820,26590,70610,16110,13090
04/04/2023,43560,26320,70200,16480,13340
05/04/2023,44070,26630,70200,16480,13340
06/04/2023,44360,26230,69920,16000,12890
07/04/2023,45820,26190,69720,16480,13010
10/04/2023,45460,26060,68540,16410,13090
11/04/2023,45530,26280,68820,16550,13090
12/04/2023,45820,26190,68750,16110,12850
13/04/2023,45460,26100,68890,15930,12520
14/04/2023,45600,25830,67580,15530,12230
17/04/2023,45530,25920,66960,15640,12270
18/04/2023,45460,25830,66680,15930,12520
19/04/2023,48600,25480,65860,15600,12270
20/04/2023,50720,25520,66130,15460,12230
21/04/2023,54080,25390,65720,15860,12390
24/04/2023,54080,25660,64140,15750,12310
25/04/2023,52840,25300,63380,15460,12020
26/04/2023,56490,25210,64340,15640,12060
27/04/2023,57440,25170,63520,15490,11980
28/04/2023,56560,25610,63930,15780,12270
04/05/2023,60220,25080,63380,15930,12350
05/05/2023,59560,24720,63310,15710,12150
08/05/2023,59630,24770,64140,16329,12480
09/05/2023,59120,24860,64819,16300,12390
10/05/2023,60220,25080,64200,16480,12600
11/05/2023,60510,25170,63520,16410,12810
12/05/2023,60070,25210,63720,17030,13050
15/05/2023,60580,24950,63520,16770,12760
16/05/2023,63510,24810,63650,16770,12850
17/05/2023,62120,24410,63310,16440,12560
18/05/2023,62120,24640,64069,16700,12760
19/05/2023,58850,24860,65379,16770,13260
22/05/2023,59550,24810,65239,16770,13340
23/05/2023,59160,24770,64200,16740,13550
24/05/2023,57910,24640,63720,16630,13260
25/05/2023,61110,24500,65239,16480,13050
26/05/2023,60480,24680,64550,16520,13140
29/05/2023,61030,24860,64620,17140,14040
30/05/2023,61580,24900,64000,17100,14330
31/05/2023,62200,24860,63930,16960,14410
01/06/2023,61180,24810,63380,17180,14990
02/06/2023,59240,25430,63380,17650,15070
05/06/2023,58300,25520,64760,17650,14860
06/06/2023,61110,25480,65510,18420,15890
07/06/2023,61260,25660,65099,18390,15850
08/06/2023,64379,25340,64480,17800,14900
09/06/2023,68820,25170,64550,18500,15600
12/06/2023,70070,25210,64690,18570,15520
13/06/2023,71710,25120,64760,18570,15360
14/06/2023,68590,25480,65170,18600,15400
15/06/2023,69990,25740,66550,18820,15730
16/06/2023,69680,25300,65790,19120,15980
22/11/2023,77330,26280,67670,25050,18040
23/11/2023,71980,25920,65960,23520,16960
24/11/2023,74410,26280,66390,24360,17540
27/11/2023,73070,26100,65790,23600,16960
28/11/2023,72230,26010,65960,23910,17130
29/11/2023,73070,26100,66640,24060,17340
30/11/2023,72570,26090,65530,23830,17250
01/12/2023,72900,26090,66560,24360,17580
04/12/2023,77000,26340,67670,25580,18690
05/12/2023,76000,26290,67670,25350,18570
06/12/2023,76660,26440,68360,25580,18740
07/12/2023,76160,26680,66730,25010,18120
08/12/2023,76910,26680,66470,24820,17870
11/12/2023,76330,26640,67070,24900,18080
12/12/2023,76410,26780,66980,24820,18160
13/12/2023,75660,26540,65870,24360,17790
14/12/2023,75240,26540,65870,24360,17660
15/12/2023,74490,26490,65099,24210,17950
18/12/2023,73740,25840,64670,24130,17750
19/12/2023,73820,26290,64239,24480,17950
20/12/2023,77250,26340,64420,24590,18080
21/12/2023,78170,26340,63990,24520,17910
22/12/2023,83600,26240,63990,24630,17700
25/12/2023,88120,26680,65530,24780,17870
26/12/2023,88450,26590,65440,24930,17990
27/12/2023,88620,26640,65360,24970,18120
28/12/2023,88790,26880,65099,25120,18240
29/12/2023,87200,26880,64670,24970,18320
02/01/2024,91130,26980,64760,24740,18240
03/01/2024,89460,27380,65099,25090,18400
04/01/2024,87280,28370,65700,25580,18360
05/01/2024,86610,28770,66130,26000,18360
08/01/2024,88620,29310,65790,25960,18320
09/01/2024,87700,29760,65019,25890,18240
10/01/2024,87110,30750,64670,25660,17910
11/01/2024,89120,30750,65099,25810,18080
12/01/2024,88870,31250,64330,25770,17950
15/01/2024,89540,31150,64840,25120,17700
16/01/2024,90290,31150,64760,25500,17950
17/01/2024,91130,30900,64420,25620,18080
18/01/2024,91040,31250,64500,25730,18040
19/01/2024,90290,32340,65700,25660,17870
22/01/2024,94720,32390,65360,25850,18080
23/01/2024,93640,31940,65190,25730,18040
24/01/2024,90960,31740,64930,25890,18160
25/01/2024,87280,31790,64590,25850,18040
26/01/2024,87780,31840,64420,25960,18080
29/01/2024,86700,32040,65610,25850,17950
30/01/2024,86780,31940,65440,26000,17990
31/01/2024,86280,31350,64590,26190,17950
01/02/2024,89540,31790,64670,26380,17910
02/02/2024,88870,31450,64420,26500,17950
05/02/2024,90290,33630,64420,26610,18280
06/02/2024,88950,34120,64840,26650,18200
07/02/2024,88620,35220,64840,26720,18940
15/02/2024,86950,34720,64840,26720,18940
16/02/2024,87360,34970,65610,26650,19100
19/02/2024,86700,35120,67930,26800,18900
20/02/2024,86950,34920,67330,26880,18940
21/02/2024,87870,35270,66560,26610,18610
22/02/2024,91960,35410,66730,26380,18530
23/02/2024,96560,34920,65440,26000,18160
26/02/2024,99490,35360,65269,26720,18650
27/02/2024,97900,35860,66470,27330,18780
28/02/2024,94890,35660,66810,27480,18610
29/02/2024,97820,35270,66300,28170,18650
01/03/2024,96140,35320,66470,28440,19100
04/03/2024,95310,35710,66640,28280,19310
05/03/2024,96980,36160,67670,28470,19350
06/03/2024,95390,35810,68610,28250,18940
07/03/2024,97480,35510,68870,28700,19350
08/03/2024,94470,34220,68100,28020,19350
11/03/2024,94140,33880,66640,27680,18860
12/03/2024,96980,34220,66730,27640,18610
13/03/2024,97060,34870,67670,28890,19390
14/03/2024,95470,34170,69380,28820,19190
15/03/2024,95060,34470,70500,28780,19390
18/03/2024,91210,33030,68700,27900,19100
19/03/2024,91960,33030,68270,27520,18980
20/03/2024,92460,34080,69380,28320,19270
21/03/2024,93050,34620,69380,28660,19970
22/03/2024,92880,35410,68960,28780,20010
25/03/2024,91130,34420,68870,28550,19720
26/03/2024,90710,34920,69130,28930,19310
27/03/2024,93970,35220,68780,29310,19190
28/03/2024,94470,35460,68780,29810,19100
29/03/2024,91960,35270,68700,29310,18900
01/04/2024,93800,34720,69040,29540,18860
02/04/2024,96730,34720,70670,29620,19020
03/04/2024,95720,33780,70070,28970,18780
04/04/2024,96900,33280,69810,28660,18530
05/04/2024,93640,32930,69300,28020,18160
08/04/2024,93380,33230,68360,27940,17830
09/04/2024,95310,33980,68440,28550,18320
10/04/2024,94300,33380,67840,28130,18120
11/04/2024,94050,33430,67500,28280,17950
12/04/2024,100570,35610,68270,28590,18080
15/04/2024,97820,33180,65099,26610,16840
16/04/2024,97730,33780,65099,26800,16550
17/04/2024,94640,32439,64330,26190,15940
19/04/2024,88030,31350,64239,25280,15560
22/04/2024,88620,32040,64239,26720,16640
23/04/2024,89460,31250,63560,26270,16219
24/04/2024,91880,32689,63900,27140,17210
25/04/2024,91130,32740,63390,26910,17290
26/04/2024,91130,32540,62960,26800,17000
02/05/2024,93130,32090,63300,26420,16720
03/05/2024,96980,32140,63560,26380,16720
06/05/2024,96980,32930,64069,27140,17380
07/05/2024,97820,32540,65360,27070,17250
08/05/2024,96390,32340,66300,27140,17210
09/05/2024,96980,32640,65190,26800,16960
10/05/2024,96980,32590,64670,26990,17130
13/05/2024,98150,32040,64420,27100,17130
14/05/2024,97230,32040,64420,27030,17050
15/05/2024,99490,32090,64670,27370,17290
16/05/2024,99570,32930,65019,27480,17340
17/05/2024,99390,32840,64840,27710,18040
20/05/2024,98160,33080,65099,27900,17870
21/05/2024,96570,33380,65700,28020,17660
22/05/2024,96570,32740,65610,27750,17540
23/05/2024,98690,32980,68440,27940,16960
24/05/2024,96750,32240,67670,26840,16510
27/05/2024,96920,32140,69380,26720,16680
28/05/2024,97810,31940,70150,27100,16800
29/05/2024,96130,31400,70410,26800,17060
30/05/2024,95870,31550,69470,26530,16730
31/05/2024,95250,31640,68610,26420,16690
03/06/2024,95430,32340,68870,26950,17020
04/06/2024,97370,32540,69210,26950,16880
05/06/2024,98690,32140,69040,26950,16970
06/06/2024,97280,32340,68780,26950,16830
07/06/2024,96040,32540,68780,26990,16780
10/06/2024,95870,33230,68780,26910,16730
11/06/2024,95430,32930,68780,27260,16640
12/06/2024,94630,33230,68870,27860,16920
13/06/2024,94280,33630,68700,27790,17020
14/06/2024,94280,32540,67670,27480,16730
17/06/2024,93220,32490,66470,27330,16410
18/06/2024,94280,32090,66810,27480,16120
19/06/2024,95600,32240,66980,27560,15840
20/06/2024,96750,31940,66810,27330,15660
21/06/2024,94720,31940,66730,27030,15190
24/06/2024,92610,31400,65530,26340,15330
25/06/2024,92260,31350,65360,26300,15380
26/06/2024,92080,31050,65530,26190,15660
27/06/2024,90760,31050,65530,26110,15380
28/06/2024,88110,30750,65610,25850,15050
01/07/2024,87230,31740,66560,25810,15090
02/07/2024,86790,32040,66980,26150,15190
03/07/2024,89000,32090,66980,26230,15190
04/07/2024,88290,32040,66980,26190,15560
05/07/2024,87410,32439,67330,26380,15560
08/07/2024,86350,32340,67410,26300,15330
09/07/2024,86620,32439,67670,26380,15520
10/07/2024,86350,32140,67240,26150,15280
11/07/2024,85820,31940,66980,26500,15520
12/07/2024,85910,31740,66810,26230,15420
15/07/2024,84770,31840,67070,26110,15190
16/07/2024,84940,32240,67070,26190,14950
17/07/2024,86880,32740,66810,26000,14440
18/07/2024,87230,33180,66900,26150,14530
19/07/2024,85740,33130,66640,26500,14910
22/07/2024,85030,33380,65960,26380,15000
23/07/2024,82480,32140,65790,25770,14720
24/07/2024,82560,31940,65960,25050,14860
25/07/2024,82120,31300,65790,24290,14720
26/07/2024,83180,31790,66130,24440,14770
29/07/2024,84680,31840,65960,24520,14670
30/07/2024,84320,31740,66130,24320,14530
31/07/2024,85290,31740,68440,24210,14580
01/08/2024,84410,31200,67580,23070,14060
02/08/2024,84410,31300,67580,23790,14300
05/08/2024,80180,29910,65530,22540,13310
06/08/2024,81950,30310,66210,23300,13830
07/08/2024,81860,29960,68010,23300,13730
08/08/2024,81860,29960,69980,22840,13780
09/08/2024,82560,31250,69900,23830,14200
12/08/2024,85470,31450,70670,24360,14110
13/08/2024,85210,31600,69810,24130,13780
14/08/2024,84500,31550,70240,23910,13550
15/08/2024,85290,31600,69560,23520,13360
16/08/2024,89440,32240,70750,24900,14060
19/08/2024,89610,32390,72380,24670,14020
20/08/2024,90400,32930,72380,24860,14580
21/08/2024,91110,33930,72810,25160,14580
22/08/2024,94280,34320,72380,25200,14620
23/08/2024,92700,34670,72550,25580,14620
26/08/2024,92080,34320,72120,25850,14720
27/08/2024,92340,34570,71530,25430,14480
28/08/2024,91640,34620,71780,25920,14440
29/08/2024,90840,34720,71440,25850,14620
30/08/2024,91640,34770,71350,25660,14530
04/09/2024,91460,35020,71870,25240,14300
05/09/2024,89880,34720,71350,25200,14300
06/09/2024,91550,35220,72040,25430,14250
09/09/2024,90400,35170,72550,25050,14250
10/09/2024,94110,34670,72040,24670,14060
11/09/2024,95870,34670,71610,24740,13860
12/09/2024,96040,34720,71610,24550,13860
13/09/2024,98600,34620,69940,24590,13860
16/09/2024,101420,34370,68340,24440,13670
17/09/2024,101950,34670,68430,24900,14100
18/09/2024,100180,35410,68810,25430,14250
19/09/2024,107150,35710,69090,25580,14150
20/09/2024,108030,35710,68810,25580,14540
23/09/2024,112700,35610,68720,25940,14400
24/09/2024,109700,35760,69370,25940,14350
25/09/2024,108820,35710,69470,26770,14590
26/09/2024,112170,36110,69660,26820,14590
27/09/2024,108640,36700,69190,26920,14740
30/09/2024,104500,36650,68900,27210,14780
01/10/2024,103090,36210,68720,27110,14980
02/10/2024,101770,35710,68620,26920,14640
03/10/2024,102390,35910,68240,26870,14350
04/10/2024,102040,35320,69000,26620,14200
07/10/2024,100180,35510,68620,26920,14490
08/10/2024,107150,35460,68340,26720,14400
09/10/2024,107150,35810,68430,26620,14740
10/10/2024,105650,35860,69000,26870,14640
11/10/2024,108290,35960,68900,26770,14740
14/10/2024,107500,35760,68620,26960,14690
15/10/2024,107500,35860,68430,26570,14350
16/10/2024,110050,36010,67770,26430,14200
17/10/2024,114550,36260,67300,26770,14440
18/10/2024,113140,35960,67490,26670,14400
21/10/2024,116750,35220,67490,26230,14250
22/10/2024,113760,34720,67020,26040,14200
23/10/2024,117630,34770,66740,26230,14150
24/10/2024,117190,34570,66830,26140,13860
25/10/2024,117020,34320,66740,26040,13860
28/10/2024,119570,34420,66550,26140,14150
29/10/2024,119750,34670,66640,26040,14250
30/10/2024,120980,34470,66460,25700,14060
31/10/2024,118510,35410,66360,25940,14100
01/11/2024,117810,35320,66080,25550,13910
04/11/2024,114550,35410,65800,25600,13860
05/11/2024,114720,34770,65510,25500,13910
06/11/2024,116310,35610,65980,25790,14250
07/11/2024,115080,35320,65980,25700,14250
08/11/2024,116310,34720,65890,25450,14350
11/11/2024,117190,34670,65980,25060,14060
12/11/2024,116750,34220,65700,25060,13960
13/11/2024,115130,34080,65420,24820,13910
14/11/2024,113750,33330,64950,24090,13570
15/11/2024,111440,32840,64569,23360,13280
18/11/2024,109230,33030,64950,23700,13430
19/11/2024,107390,33080,63910,23260,13280
20/11/2024,110150,33730,63630,23700,13380
21/11/2024,110520,34720,64200,23990,13480
22/11/2024,110060,34720,65140,23750,13280
25/11/2024,108310,34820,65230,23890,13480
26/11/2024,110800,35020,65510,23990,13620
27/11/2024,109600,34870,65230,23700,13480
28/11/2024,113840,35120,65230,23700,13480
29/11/2024,116510,35460,65510,23940,13330
02/12/2024,115130,35560,65140,23840,13430
03/12/2024,113650,35610,64670,23700,13330
04/12/2024,117150,35020,64569,23450,12840
05/12/2024,116050,36110,64860,25060,13430
06/12/2024,116600,35960,65140,25700,13140
09/12/2024,115590,36160,65230,25550,13040
10/12/2024,116050,36060,64950,25600,12990
11/12/2024,115400,36060,64670,25500,12800
12/12/2024,116780,36010,64480,25360,12840
13/12/2024,115680,36060,64390,25160,12750
16/12/2024,114210,35960,64099,25450,12700
17/12/2024,112360,35960,64010,25360,12700
18/12/2024,114210,35960,64480,25550,12750
19/12/2024,115130,35910,64480,25550,12550
20/12/2024,115130,35860,64569,25600,12310
23/12/2024,123140,35960,64480,25210,12410
24/12/2024,124520,35910,64200,25310,12360
25/12/2024,126640,37890,64390,25890,12600
26/12/2024,123050,37890,64480,25700,12550
27/12/2024,124150,38490,64480,25940,12460
30/12/2024,122220,38590,64200,25790,12360
31/12/2024,120750,37500,64099,25400,12210
02/01/2025,122590,37800,64099,25310,12210
03/01/2025,122770,36900,64010,24720,11970
06/01/2025,120650,36900,63540,24280,11580
07/01/2025,124240,37150,63070,23940,11440
08/01/2025,126180,37500,63160,24090,11490
09/01/2025,124340,37100,63070,23800,11440
10/01/2025,119730,37200,62780,23110,11100
13/01/2025,117890,37400,62500,23550,11200
14/01/2025,114210,36650,62970,23360,10910
15/01/2025,114760,36460,62880,23550,11100
16/01/2025,116780,36510,62970,23800,11880
17/01/2025,117340,36900,62880,23940,11780
20/01/2025,115130,37000,63730,23890,11580
21/01/2025,115960,37000,63160,23840,11580
22/01/2025,115310,37000,62880,23800,11340
23/01/2025,115680,37800,63070,24530,11630
24/01/2025,116780,37700,63910,24620,11630
03/02/2025,113280,37750,63160,24180,11240
04/02/2025,114210,39080,63160,24670,12020
05/02/2025,114670,39030,63820,24430,12070
06/02/2025,113930,39180,63630,24430,12500
07/02/2025,113280,40470,63350,24380,12410
10/02/2025,109600,39980,63350,24280,12210
11/02/2025,109780,40370,63070,24090,12260
12/02/2025,109970,40180,63160,24140,12310
13/02/2025,109880,40520,62780,24180,12260
14/02/2025,109230,40230,63730,24280,12360
17/02/2025,109230,39830,63820,24380,12700
18/02/2025,108400,39980,64010,24530,12800
19/02/2025,108680,40180,64670,24720,12890
20/02/2025,109970,40520,64760,24620,12990
21/02/2025,109140,41170,64390,24720,12940
24/02/2025,109880,41560,64569,25210,13140
25/02/2025,109050,41520,64670,25210,13280
26/02/2025,111540,41020,64390,25210,13330
27/02/2025,111630,41170,64010,25450,13230
28/02/2025,110060,41170,64010,25650,13180
03/03/2025,110150,40920,64569,25940,13280
04/03/2025,111080,41270,65040,25700,13140
05/03/2025,115960,40870,64390,25450,12990
06/03/2025,115960,41320,64290,26230,13380
07/03/2025,114210,42060,63820,26230,13280
10/03/2025,112460,42110,63820,25990,13670
11/03/2025,114480,42260,63440,26040,13910
12/03/2025,112920,42310,63910,26040,14640
13/03/2025,110800,41960,64290,26280,14490
14/03/2025,109600,41960,63730,26280,14490
17/03/2025,109600,42260,64200,26330,14440
18/03/2025,110710,41660,65040,26140,14740
19/03/2025,110060,41220,64760,25890,14640
20/03/2025,110060,41270,64569,25890,14690
21/03/2025,111260,41320,63730,25940,14880
24/03/2025,110520,41470,63260,26480,15120
25/03/2025,110060,41960,63260,26230,14880
26/03/2025,109690,41420,63540,25840,14780
27/03/2025,109600,41270,63260,25650,15070
28/03/2025,113650,41020,62880,25700,15220
31/03/2025,109880,41120,62880,25360,14830
01/04/2025,112820,41520,63540,25400,14930
02/04/2025,111810,41610,63160,25790,15410
03/04/2025,104080,38740,58830,23990,14350
04/04/2025,105640,38390,55250,23160,14150
08/04/2025,98270,35710,51400,21550,13180
09/04/2025,105090,33530,47820,20090,12260
10/04/2025,112360,35860,51110,21450,13090
11/04/2025,114940,38090,54690,22870,13960
14/04/2025,114940,37990,55720,23500,14880
15/04/2025,114210,37450,54780,22720,14540
16/04/2025,118630,36900,54690,22430,14740
17/04/2025,123880,36950,54690,22530,14930
18/04/2025,119550,37150,54970,22770,15170
21/04/2025,123320,36950,54690,22330,14880
22/04/2025,124340,36800,54120,21700,14540
23/04/2025,133000,37000,54120,22190,14640
24/04/2025,132170,37100,54120,22430,14440
25/04/2025,131430,36850,55070,22240,14250
28/04/2025,130229,36560,54970,22480,14350
29/04/2025,133180,36900,54880,22380,14150
05/05/2025,133550,37050,55070,22530,14400
06/05/2025,132630,37300,56100,22580,14200
07/05/2025,132350,37150,56950,22280,14100
08/05/2025,132630,37250,57800,22530,14400
09/05/2025,135300,37150,57510,22380,14440
12/05/2025,135210,37550,58640,22620,14590
13/05/2025,139170,39080,58360,22820,14690
14/05/2025,139070,39280,58270,23310,14830
15/05/2025,137230,39430,58360,23310,14930
16/05/2025,135210,38690,58170,23110,14740
19/05/2025,135640,38790,57140,22770,14350
20/05/2025,138530,39180,56950,22920,14690
21/05/2025,136800,39130,56760,22770,14930
22/05/2025,132760,38540,57420,22770,15170
23/05/2025,137370,38490,59300,22770,15070
26/05/2025,137280,38940,59300,23020,15270
27/05/2025,137180,39280,59960,23110,15700
28/05/2025,135060,39230,60340,23110,15660
29/05/2025,133040,38590,60240,22920,15270
30/05/2025,131790,37990,61180,22870,15220
02/06/2025,130449,38090,61660,23110,15850
03/06/2025,134290,38240,61940,23890,16920
04/06/2025,132760,38190,61000,23600,16770
05/06/2025,130539,38240,60060,23360,16580
06/06/2025,131890,37890,59300,23020,15950
09/06/2025,128039,37700,59580,22770,15700
10/06/2025,128910,37550,59210,22770,15800
11/06/2025,128910,37700,58920,22920,15610
12/06/2025,131310,38190,59110,23060,16000
13/06/2025,131310,39580,60620,22580,15660
16/06/2025,131410,39980,64860,23260,16290
17/06/2025,134200,40030,65230,23260,16239
18/06/2025,133140,39830,66740,23020,16000
19/06/2025,134680,40370,67580,23310,16090
20/06/2025,134100,40970,65420,23400,16140
23/06/2025,130639,41020,68340,23160,15850
24/06/2025,133720,41220,65040,23700,16850
25/06/2025,133620,41370,63540,23890,16950
26/06/2025,133620,41560,64480,23890,17150
27/06/2025,133720,41610,64010,24040,17200
30/06/2025,134970,41560,63820,24090,17200
01/07/2025,135060,41560,62500,23840,16800
02/07/2025,135550,41560,62500,24870,17500
03/07/2025,134100,42160,62310,25110,17350
04/07/2025,133720,42360,62500,25260,17200
07/07/2025,134970,44040,62600,25650,17450
08/07/2025,139390,44040,63730,26380,17800
09/07/2025,138430,44640,64010,27840,18050
10/07/2025,136890,44640,64390,28230,17800
11/07/2025,138820,44240,63910,28920,17900
14/07/2025,138530,43950,64200,29010,17850
15/07/2025,136510,43800,63730,29740,18100
16/07/2025,135260,44590,63440,30820,18500
17/07/2025,134970,44640,63730,31110,18500
18/07/2025,137180,44690,64099,31010,18550
21/07/2025,140360,44840,63540,30570,18150
22/07/2025,138340,45240,63910,31210,19100
23/07/2025,138620,45280,64950,31450,19550
24/07/2025,140450,45330,65040,31210,19800
25/07/2025,139780,45240,64670,33160,21150
28/07/2025,137950,45240,64860,34910,22600
29/07/2025,137850,43450,64010,32470,21050
30/07/2025,137180,45830,63910,33060,22300
31/07/2025,135350,45530,63730,33350,22700
01/08/2025,135350,43950,63630,32380,22200
04/08/2025,135740,45280,64010,33160,23250
05/08/2025,135350,46130,63820,33790,23700
06/08/2025,135740,47120,65230,34420,23900
07/08/2025,136510,47470,65040,34280,23550
08/08/2025,136410,47320,66080,34620,23850
11/08/2025,135350,47120,66270,36570,24650
12/08/2025,135160,47620,66360,35840,24100
13/08/2025,134100,49200,65890,35840,23850
14/08/2025,132370,49800,65610,35890,24200
15/08/2025,130350,48610,65610,35640,24700
18/08/2025,130740,48110,65890,34910,24300
19/08/2025,130830,49200,65800,35840,24750
20/08/2025,127560,50200,64290,35200,24100
21/08/2025,126020,51390,65230,36130,24100
22/08/2025,129389,50490,64010,34860,22450
25/08/2025,132760,48710,64670,35740,21500
26/08/2025,133240,50790,65420,38230,23000
27/08/2025,135640,50690,64860,39250,23800
28/08/2025,137760,51190,64900,40960,24650
29/08/2025,138530,50890,63800,41150,26350
03/09/2025,146220,50200,63800,40330,26800
04/09/2025,146220,50590,64200,41250,26800
05/09/2025,144200,49900,63800,39500,25000
08/09/2025,146800,49100,62600,39200,24050
09/09/2025,144680,49200,62100,40960,24500
10/09/2025,142860,50100,61900,41400,24200
11/09/2025,145740,50200,62000,41400,23950
12/09/2025,145070,50000,62500,40860,23900
15/09/2025,145740,51190,63200,41150,24600
16/09/2025,145940,52080,62700,40570,24100
17/09/2025,144780,50990,64000,39590,23400
18/09/2025,142950,50790,63000,39790,23350
19/09/2025,143530,50790,62500,39350,22700
22/09/2025,145840,48910,61800,38330,22150
23/09/2025,146220,49600,61600,38420,22250
24/09/2025,139780,50100,61600,39250,23100
25/09/2025,142380,49900,61900,39000,22850
26/09/2025,138050,50290,61500,38000,22300
29/09/2025,136990,50590,61500,37550,22150
30/09/2025,137950,50390,60400,38550,22450
01/10/2025,138720,51090,60600,38600,22600
02/10/2025,135740,51090,60300,37850,22150
03/10/2025,135640,50390,60100,37650,22000
06/10/2025,136120,51980,60800,40250,23500
07/10/2025,136220,51190,60900,40800,23700
08/10/2025,137080,52480,60900,41200,23850
09/10/2025,137760,54560,60900,40650,23500
10/10/2025,138050,54760,60900,40700,23650
13/10/2025,138050,55550,60600,41350,23700
14/10/2025,136120,54400,60000,41000,23350
15/10/2025,136030,54800,59000,41450,23500
16/10/2025,144780,53800,58700,41350,23800
17/10/2025,154880,52200,58600,40800,23550
20/10/2025,152000,48900,57000,37950,21950
21/10/2025,162580,49950,56000,38600,21050
22/10/2025,167390,50500,59000,38450,20950
23/10/2025,158730,49700,59800,37500,20500
24/10/2025,167390,49800,59600,36000,20200
27/10/2025,160650,48600,59300,34800,20100
28/10/2025,163350,49000,60000,35850,20750
29/10/2025,163540,49650,60200,35600,20500
30/10/2025,162580,49200,59700,34850,20000
31/10/2025,163540,49000,61600,34300,20050
03/11/2025,167200,48500,61500,32500,18800
04/11/2025,164500,49950,60500,34750,20100
05/11/2025,164500,51300,63000,34900,19950
06/11/2025,172200,51100,62100,34300,19600
07/11/2025,163060,49000,62900,32950,18900
10/11/2025,160170,48000,61200,33600,19050
11/11/2025,161230,48500,61100,34850,19400
12/11/2025,166720,49200,61900,35500,19900
13/11/2025,166230,48850,62900,34950,19600
14/11/2025,164410,48550,62800,34950,19650
17/11/2025,166600,48850,63000,35400,19900
18/11/2025,164100,49400,62400,35550,20150
19/11/2025,163100,49350,62200,34650,19400
20/11/2025,157000,49100,62100,34800,19350
21/11/2025,156600,49100,61900,34300,19100
